Grissel,Tupling,gtupling0@usatoday.com,817 Darwin Terrace,Rochester,New York,14652
Maurizio,MacPaik,mmacpaik1@reference.com,88 Kedzie Drive,Los Angeles,California,90101
Griswold,Brann,gbrann2@blogtalkradio.com,63078 Annamark Lane,Winston Salem,North Carolina,27157
Pollyanna,Scarasbrick,pscarasbrick3@google.it,67443 Towne Alley,Houston,Texas,77015
Anny,Bridgeland,abridgeland4@businessinsider.com,3 Debs Drive,Santa Ana,California,92725
Laverna,Reid,lreid5@etsy.com,054 Rutledge Crossing,Wilmington,Delaware,19892
Moselle,Milton-White,mmiltonwhite6@t.co,2229 Bayside Parkway,Philadelphia,Pennsylvania,19115
Rutter,Du Plantier,rduplantier7@cyberchimps.com,0368 Stoughton Place,Salinas,California,93907
Fletch,Reiglar,freiglar8@intel.com,1790 Donald Drive,Charleston,South Carolina,29411
Dillie,Druitt,ddruitt9@unc.edu,5 American Park,Worcester,Massachusetts,01610
Willamina,Pringle,wpringlea@admin.ch,196 Petterle Park,Meridian,Mississippi,39305
Rance,Dullingham,rdullinghamb@usa.gov,36 Manley Circle,Minneapolis,Minnesota,55470
Kettie,Greenshiels,kgreenshielsc@vk.com,27 Mockingbird Hill,Inglewood,California,90398
Barbara-anne,Veighey,bveigheyd@blinklist.com,315 David Junction,Charleston,West Virginia,25321
Norrie,Bullick,nbullicke@digg.com,06378 Lindbergh Court,Cincinnati,Ohio,45203
Katya,Rappa,krappaf@latimes.com,605 Veith Parkway,Charlottesville,Virginia,22903
Adena,Gittoes,agittoesg@geocities.com,2476 Karstens Place,Stockton,California,95298
Keane,Illesley,killesleyh@jugem.jp,2 Surrey Way,Wichita,Kansas,67210
Wileen,Camelli,wcamellii@godaddy.com,8 Knutson Crossing,Louisville,Kentucky,40210
Pammi,McCart,pmccartj@live.com,284 Dryden Crossing,Chicago,Illinois,60657
Augy,Sainteau,asainteauk@unicef.org,391 Starling Drive,Oakland,California,94660
Keary,Durrad,kdurradl@ft.com,099 Scofield Plaza,Saint Joseph,Missouri,64504
Jobey,Noonan,jnoonanm@scribd.com,60792 Stone Corner Hill,Washington,District of Columbia,20299
Appolonia,Nutting,anuttingn@jalbum.net,0735 Nobel Drive,Birmingham,Alabama,35215
Bridie,Grayley,bgrayleyo@mozilla.com,89 Tennessee Terrace,Garden Grove,California,92645
Lilly,Charlet,lcharletp@sciencedirect.com,29627 Crest Line Way,Indianapolis,Indiana,46266
Olav,Fivey,ofiveyq@linkedin.com,16817 Aberg Circle,Fresno,California,93794
Zach,Sneyd,zsneydr@accuweather.com,6 Thackeray Point,Torrance,California,90505
Tucky,Groger,tgrogers@cisco.com,0 Quincy Point,Rochester,New York,14609
Manolo,Cleiment,mcleimentt@marketwatch.com,906 Tennyson Lane,Washington,District of Columbia,20436
Lind,Herche,lhercheu@prlog.org,06 Brentwood Park,Miami,Florida,33158
Prentiss,Carlino,pcarlinov@fda.gov,604 Nevada Drive,Amarillo,Texas,79118
Rozella,Trinder,rtrinderw@google.com.au,3018 Jana Parkway,Amarillo,Texas,79116
Shawna,Bolwell,sbolwellx@usgs.gov,2 Meadow Valley Street,Spartanburg,South Carolina,29319
Johny,Spennock,jspennocky@godaddy.com,498 Vernon Park,Houston,Texas,77299
Delmore,Buggs,dbuggsz@state.tx.us,067 Forest Run Hill,North Little Rock,Arkansas,72118
Hayyim,Howsin,hhowsin10@webs.com,77482 Sunbrook Drive,Los Angeles,California,90045
Nedi,Gaule,ngaule11@imageshack.us,6857 Derek Point,Hagerstown,Maryland,21747
Leontyne,Bury,lbury12@prlog.org,94 Kingsford Alley,Lynchburg,Virginia,24515
Beulah,Drever,bdrever13@archive.org,3522 Arapahoe Park,Alexandria,Virginia,22333
Reagan,Veryard,rveryard14@ucla.edu,0 Oak Place,Young America,Minnesota,55564
Harmonia,Arents,harents15@squarespace.com,6 Del Sol Park,Saint Louis,Missouri,63196
Tyson,Senyard,tsenyard16@google.com,07 Mandrake Parkway,Jackson,Mississippi,39282
Zabrina,Standage,zstandage17@google.com.au,986 Quincy Park,Tacoma,Washington,98405
Octavia,Ever,oever18@google.de,2734 4th Lane,Baton Rouge,Louisiana,70894
Emalia,Ismirnioglou,eismirnioglou19@cnn.com,0191 Bultman Alley,Anaheim,California,92825
Tedmund,Lafford,tlafford1a@whitehouse.gov,3972 Lakewood Gardens Street,Kansas City,Missouri,64130
Alva,Copcote,acopcote1b@noaa.gov,72 Hazelcrest Center,Omaha,Nebraska,68110
Verge,Blue,vblue1c@toplist.cz,0261 Center Junction,Arlington,Virginia,22225
Aurilia,Letteresse,aletteresse1d@blogspot.com,30 Farragut Alley,Colorado Springs,Colorado,80910
Eulalie,Josuweit,ejosuweit1e@blogspot.com,74091 Charing Cross Drive,Longview,Texas,75605
Dore,Gianni,dgianni1f@yandex.ru,040 Westend Junction,Cedar Rapids,Iowa,52405
Georgina,Treece,gtreece1g@technorati.com,3 Debra Plaza,Tampa,Florida,33610
Estel,Farndell,efarndell1h@weibo.com,22580 Springs Circle,Fort Wayne,Indiana,46862
Suzi,Croke,scroke1i@meetup.com,359 Stoughton Circle,Chicago,Illinois,60663
Sherye,Shapera,sshapera1j@msu.edu,8454 Onsgard Circle,Huntsville,Alabama,35805
Roselle,Doerren,rdoerren1k@boston.com,3431 Jenna Point,Irvine,California,92619
Cordula,Oswell,coswell1l@wikipedia.org,1 Cardinal Drive,Anaheim,California,92825
Almeta,Myrtle,amyrtle1m@reverbnation.com,2 6th Court,Albuquerque,New Mexico,87105
Hazel,Ambrosch,hambrosch1n@goodreads.com,902 Monica Road,Pittsburgh,Pennsylvania,15240
Merci,Chipp,mchipp1o@soup.io,6 Summit Pass,Cleveland,Ohio,44111
Galina,Iacovelli,giacovelli1p@reference.com,12 Dorton Parkway,Pompano Beach,Florida,33064
Theodora,Davidsohn,tdavidsohn1q@pagesperso-orange.fr,3874 Pine View Center,Houston,Texas,77045
Tine,Krauze,tkrauze1r@symantec.com,6269 Fairfield Pass,Chattanooga,Tennessee,37450
Ruprecht,Augustine,raugustine1s@fda.gov,87 Hanson Trail,Annapolis,Maryland,21405
Berenice,Overal,boveral1t@list-manage.com,67000 Prairie Rose Terrace,Cincinnati,Ohio,45213
Udale,Bunney,ubunney1u@jugem.jp,6554 Iowa Junction,Chicago,Illinois,60636
Joyous,Snowdon,jsnowdon1v@fotki.com,7562 Hintze Circle,Buffalo,New York,14215
Gillie,Nurden,gnurden1w@gizmodo.com,7 Evergreen Terrace,Birmingham,Alabama,35205
Kandy,Card,kcard1x@lycos.com,10 Dorton Terrace,Atlanta,Georgia,30351
Nicola,Brognot,nbrognot1y@java.com,1277 Mcguire Crossing,Las Cruces,New Mexico,88006
Maury,Hathway,mhathway1z@army.mil,5 Merrick Street,San Antonio,Texas,78260
Dur,Fruchter,dfruchter20@slideshare.net,4 Talmadge Pass,El Paso,Texas,88553
Harley,Cuxon,hcuxon21@washingtonpost.com,6455 Di Loreto Plaza,Santa Barbara,California,93106
Rustin,Toohey,rtoohey22@spotify.com,4 Anzinger Drive,Louisville,Kentucky,40280
Vernice,Coggen,vcoggen23@123-reg.co.uk,7 Artisan Trail,Fresno,California,93740
Perry,Knivett,pknivett24@apache.org,3932 Katie Alley,Fayetteville,North Carolina,28305
Luca,Painten,lpainten25@domainmarket.com,03683 Ludington Pass,Glendale,Arizona,85311
Cherida,Rex,crex26@blogger.com,38410 Rieder Trail,Inglewood,California,90310
Clifford,Foxley,cfoxley27@pen.io,89181 Crownhardt Road,Eugene,Oregon,97405
Odelle,Matejic,omatejic28@google.com,962 Ryan Plaza,Independence,Missouri,64054
Marty,Osgood,mosgood29@php.net,440 Ramsey Plaza,New York City,New York,10155
Maggy,Cicerone,mcicerone2a@posterous.com,43984 Loftsgordon Crossing,Saint Petersburg,Florida,33742
Gib,Keig,gkeig2b@phoca.cz,4 Birchwood Terrace,Aurora,Colorado,80044
Ody,McGlashan,omcglashan2c@nytimes.com,6720 Beilfuss Place,Peoria,Illinois,61656
Glynis,Twohig,gtwohig2d@simplemachines.org,99747 Hallows Junction,Denver,Colorado,80243
Blaine,Songhurst,bsonghurst2e@ustream.tv,4815 Banding Avenue,Newport Beach,California,92662
Gui,Kohen,gkohen2f@wordpress.com,922 Schiller Hill,Saint Paul,Minnesota,55103
Ned,Dorney,ndorney2g@symantec.com,05015 West Street,Milwaukee,Wisconsin,53285
Wolfgang,Dann,wdann2h@pcworld.com,1 Prentice Road,Riverside,California,92505
Isa,Enochsson,ienochsson2i@independent.co.uk,989 Vernon Point,Philadelphia,Pennsylvania,19151
Darryl,Crux,dcrux2j@skype.com,00522 Dexter Crossing,Whittier,California,90605
Rosaleen,Harrild,rharrild2k@fda.gov,0258 Bartillon Trail,Oxnard,California,93034
Sashenka,Robard,srobard2l@hp.com,7087 Harbort Parkway,Tucson,Arizona,85715
Cordy,Whiley,cwhiley2m@squidoo.com,1 Larry Hill,Staten Island,New York,10305
Brenn,Foulkes,bfoulkes2n@tinypic.com,387 Vermont Plaza,Shawnee Mission,Kansas,66225
Kenn,Corington,kcorington2o@nyu.edu,0 Morrow Way,Indianapolis,Indiana,46202
Humfried,Capaldo,hcapaldo2p@businesswire.com,30934 Forest Run Way,Houston,Texas,77085
Adelina,Kedge,akedge2q@vistaprint.com,893 Roth Avenue,Gainesville,Georgia,30506
Brit,Yu,byu2r@upenn.edu,426 Vidon Road,Jacksonville,Florida,32220
Gelya,Ducker,gducker2s@fc2.com,005 Basil Plaza,Pittsburgh,Pennsylvania,15240
Dominique,Sabates,dsabates2t@boston.com,098 Summer Ridge Hill,Washington,District of Columbia,20215
Olly,Ommundsen,oommundsen2u@statcounter.com,43 Maple Wood Terrace,Topeka,Kansas,66642
Alvira,Moreton,amoreton2v@princeton.edu,77349 Maple Wood Park,Sandy,Utah,84093
Wes,Bodesson,wbodesson2w@senate.gov,0 Crownhardt Trail,Kansas City,Missouri,64179
Roze,MacGeffen,rmacgeffen2x@reddit.com,64571 Clarendon Terrace,Henderson,Nevada,89012
Fidole,Deval,fdeval2y@home.pl,6112 Memorial Junction,West Palm Beach,Florida,33416
Enrico,Jedrzaszkiewicz,ejedrzaszkiewicz2z@berkeley.edu,098 7th Alley,Vancouver,Washington,98664
Nikita,Kinker,nkinker30@free.fr,0772 Randy Crossing,Albuquerque,New Mexico,87110
Ezri,Schellig,eschellig31@bloglines.com,45 Tomscot Point,Oakland,California,94611
Tam,Moline,tmoline32@g.co,9830 Dorton Circle,Albuquerque,New Mexico,87115
Idaline,Threadgold,ithreadgold33@dedecms.com,952 Gerald Alley,Charlotte,North Carolina,28210
Cindra,Gurney,cgurney34@biglobe.ne.jp,64 Karstens Terrace,Lexington,Kentucky,40546
Dav,Heinschke,dheinschke35@comsenz.com,7 Fieldstone Pass,San Francisco,California,94126
Bird,Richemond,brichemond36@over-blog.com,01 Harbort Center,Omaha,Nebraska,68134
Perceval,Stennett,pstennett37@nhs.uk,0 Forest Dale Center,Hialeah,Florida,33013
Regina,Eberlein,reberlein38@behance.net,581 Pearson Road,Washington,District of Columbia,20205
Wanids,Sessions,wsessions39@liveinternet.ru,82662 Anthes Junction,Memphis,Tennessee,38119
Peyter,Chamberlen,pchamberlen3a@aol.com,3640 Nevada Point,Columbia,South Carolina,29225
Ivy,Mussington,imussington3b@seesaa.net,5 Coolidge Street,Myrtle Beach,South Carolina,29579
Milli,Andrag,mandrag3c@fotki.com,3 Rieder Center,Bryan,Texas,77806
Bettye,Yanez,byanez3d@washingtonpost.com,28 Cambridge Point,Chicago,Illinois,60604
Jillian,Butrimovich,jbutrimovich3e@studiopress.com,81819 Hooker Junction,Watertown,Massachusetts,02472
Jacqui,Sleit,jsleit3f@redcross.org,7466 Melrose Place,Saint Paul,Minnesota,55123
Marcille,Howel,mhowel3g@csmonitor.com,0 Clove Parkway,Tampa,Florida,33661
Sid,Sang,ssang3h@jimdo.com,3776 Gale Alley,Meridian,Mississippi,39305
Elsinore,Doeg,edoeg3i@cam.ac.uk,13625 Iowa Road,Trenton,New Jersey,08695
Delinda,Bance,dbance3j@biglobe.ne.jp,85139 Summerview Junction,Mountain View,California,94042
Mikol,Humpherson,mhumpherson3k@privacy.gov.au,0033 Crest Line Trail,Lansing,Michigan,48912
Nixie,Winterbourne,nwinterbourne3l@wp.com,47 Merry Drive,Chattanooga,Tennessee,37450
Bethanne,McBayne,bmcbayne3m@cnet.com,28 Kedzie Point,New York City,New York,10155
Sibyl,Gallamore,sgallamore3n@altervista.org,8 Fallview Pass,New Brunswick,New Jersey,08922
Cassandra,Haccleton,chaccleton3o@bravesites.com,9 Pine View Trail,Columbus,Ohio,43231
Grissel,Lauga,glauga3p@angelfire.com,140 Hooker Avenue,Jefferson City,Missouri,65105
Simona,Mewett,smewett3q@artisteer.com,4 Mesta Junction,Lubbock,Texas,79410
Kamila,Dorrity,kdorrity3r@myspace.com,42 Glacier Hill Drive,Boulder,Colorado,80328
Valentine,Puttergill,vputtergill3s@yale.edu,601 Schlimgen Court,Austin,Texas,78783
Cassy,Hearsum,chearsum3t@1688.com,7161 Summerview Center,Washington,District of Columbia,20420
Lorenzo,Hattigan,lhattigan3u@reference.com,60 Swallow Place,Maple Plain,Minnesota,55572
Orel,Chevis,ochevis3v@stumbleupon.com,11 Arkansas Parkway,Ann Arbor,Michigan,48107
Eartha,Bursnoll,ebursnoll3w@example.com,1 Sloan Pass,Phoenix,Arizona,85040
Christi,Vasilic,cvasilic3x@rambler.ru,2413 Carioca Street,Inglewood,California,90305
Carole,O'Rodane,corodane3y@yandex.ru,1 Maywood Road,Roanoke,Virginia,24004
Georgeta,Gilli,ggilli3z@scribd.com,31122 Carpenter Junction,Washington,District of Columbia,20299
Elsinore,Springthorpe,espringthorpe40@exblog.jp,0376 Meadow Ridge Drive,Plano,Texas,75074
Gloria,Minshaw,gminshaw41@globo.com,492 Mallory Center,Salt Lake City,Utah,84105
Krysta,Bane,kbane42@photobucket.com,4395 Green Ridge Junction,Portland,Oregon,97271
Darda,Klimkiewich,dklimkiewich43@businessweek.com,5990 Vera Hill,Dayton,Ohio,45414
Shauna,Norvel,snorvel44@answers.com,68723 Dottie Point,Columbus,Ohio,43215
Verile,Yaakov,vyaakov45@bluehost.com,3 Hagan Plaza,Jacksonville,Florida,32255
Mindy,Rousby,mrousby46@hexun.com,6508 Truax Place,Pasadena,California,91199
Job,Curneen,jcurneen47@yellowpages.com,30 Moose Junction,New Brunswick,New Jersey,08922
Leroy,MacKaile,lmackaile48@smugmug.com,1909 Fieldstone Trail,Houston,Texas,77055
Justine,Crewdson,jcrewdson49@hp.com,518 Starling Trail,Saint Paul,Minnesota,55115
Jess,Beinisch,jbeinisch4a@freewebs.com,058 Lakewood Hill,Seattle,Washington,98133
Roberto,Senecaut,rsenecaut4b@marketwatch.com,0697 Kedzie Pass,Washington,District of Columbia,20062
Annamaria,Brunsdon,abrunsdon4c@hibu.com,62 Vahlen Court,Fort Worth,Texas,76198
Gonzalo,Muldownie,gmuldownie4d@a8.net,76279 Killdeer Avenue,Los Angeles,California,90076
Sheri,Girton,sgirton4e@blog.com,0147 Buhler Parkway,Madison,Wisconsin,53710
Rustie,Adaway,radaway4f@cafepress.com,8 Burrows Way,Colorado Springs,Colorado,80951
Bradan,Edlestone,bedlestone4g@theatlantic.com,756 Crescent Oaks Center,El Paso,Texas,88525
Kacie,Folger,kfolger4h@ehow.com,22 Annamark Plaza,Salt Lake City,Utah,84130
Lesli,Valens-Smith,lvalenssmith4i@chronoengine.com,51 Emmet Trail,Washington,District of Columbia,20599
Richie,Mehmet,rmehmet4j@sciencedaily.com,41168 Lighthouse Bay Terrace,New Haven,Connecticut,06533
Cristen,O'Hallagan,cohallagan4k@lulu.com,11987 Kingsford Junction,San Antonio,Texas,78210
Lou,Dugood,ldugood4l@acquirethisname.com,7 Pine View Crossing,Atlanta,Georgia,30380
Pascal,Plowright,pplowright4m@edublogs.org,3 Beilfuss Way,Newark,New Jersey,07188
Olenka,Brownett,obrownett4n@gravatar.com,98 Banding Lane,Saint Louis,Missouri,63104
Petronille,Iverson,piverson4o@bbb.org,562 Dorton Park,Denver,Colorado,80255
Curt,Perl,cperl4p@cdbaby.com,6296 Russell Park,Brooklyn,New York,11231
Stella,Troutbeck,stroutbeck4q@netvibes.com,1474 Esker Street,Salt Lake City,Utah,84115
Collette,Chalke,cchalke4r@who.int,89451 Gulseth Terrace,Miami,Florida,33261
Eduard,Zohrer,ezohrer4s@redcross.org,358 Green Avenue,South Bend,Indiana,46699
Randall,Dukelow,rdukelow4t@imdb.com,49 Sunnyside Place,Dallas,Texas,75260
Adelle,Tolland,atolland4u@engadget.com,277 Clove Center,Charleston,South Carolina,29424
Audre,Carnilian,acarnilian4v@home.pl,79527 Hermina Park,Minneapolis,Minnesota,55458
Zita,Nattrass,znattrass4w@walmart.com,7 Becker Trail,Bellevue,Washington,98008
Robin,Cheke,rcheke4x@sbwire.com,76 Swallow Alley,Myrtle Beach,South Carolina,29579
Dee,Dobrowolski,ddobrowolski4y@wufoo.com,8735 Veith Park,Garden Grove,California,92844
Karlie,Smyth,ksmyth4z@vimeo.com,2 Mayfield Hill,Pittsburgh,Pennsylvania,15266
Tad,Noddle,tnoddle50@globo.com,65713 Jana Road,Sacramento,California,95838
Pincus,Whitehall,pwhitehall51@columbia.edu,3759 Cordelia Crossing,El Paso,Texas,88574
Johnathon,Lorente,jlorente52@google.es,0133 Sutteridge Road,Cincinnati,Ohio,45233
Evangeline,Watters,ewatters53@sciencedaily.com,5784 Colorado Way,San Bernardino,California,92405
Winny,Issatt,wissatt54@go.com,493 Spenser Hill,Fort Worth,Texas,76198
Ariel,Proud,aproud55@earthlink.net,60 Bartillon Plaza,Portsmouth,New Hampshire,00214
Phip,Massy,pmassy56@adobe.com,85366 Briar Crest Court,Houston,Texas,77201
Dionis,Kollach,dkollach57@nifty.com,22 Esker Point,Pittsburgh,Pennsylvania,15266
Sigmund,Duff,sduff58@spiegel.de,89 Fairfield Place,Oakland,California,94627
Darsie,Magor,dmagor59@about.me,4227 Sundown Drive,West Palm Beach,Florida,33411
Jule,Strafford,jstrafford5a@shareasale.com,5932 Reinke Trail,Anaheim,California,92812
Elita,MacCracken,emaccracken5b@mozilla.com,0 Forest Dale Parkway,Ocala,Florida,34474
Alvy,Crickmoor,acrickmoor5c@salon.com,913 Marquette Avenue,Schenectady,New York,12305
Adi,Sabate,asabate5d@dion.ne.jp,645 Crownhardt Circle,Valley Forge,Pennsylvania,19495
Frank,Cannavan,fcannavan5e@ameblo.jp,81111 Randy Road,Tulsa,Oklahoma,74193
Reta,Tesche,rtesche5f@topsy.com,6752 Summit Court,Salt Lake City,Utah,84125
Gretal,Prowting,gprowting5g@zimbio.com,190 Kenwood Alley,Tacoma,Washington,98411
Kerrin,Jerwood,kjerwood5h@mysql.com,5364 Merrick Way,Irving,Texas,75037
Emiline,Gerleit,egerleit5i@ask.com,16 Lerdahl Road,Saint Joseph,Missouri,64504
Renie,Mazillius,rmazillius5j@mayoclinic.com,866 Dexter Trail,Garden Grove,California,92645
Bessie,Greystock,bgreystock5k@auda.org.au,598 Merchant Street,Dallas,Texas,75372
Elias,Gladhill,egladhill5l@youtu.be,764 Stone Corner Street,Northridge,California,91328
Cos,Baudrey,cbaudrey5m@umn.edu,67443 Old Gate Lane,Grand Rapids,Michigan,49544
Hermann,Wilber,hwilber5n@discovery.com,99834 Tennessee Circle,Corpus Christi,Texas,78415
Mathilda,Duffill,mduffill5o@youtube.com,1201 Vermont Drive,Dallas,Texas,75205
Granny,Cottage,gcottage5p@netlog.com,5 Fordem Circle,Chicago,Illinois,60641
Lesli,Mashro,lmashro5q@umich.edu,78 Continental Drive,Portland,Oregon,97211
Davy,Thulborn,dthulborn5r@liveinternet.ru,4225 Victoria Pass,Chicago,Illinois,60657
Alistair,Sutherden,asutherden5s@mozilla.com,02 Milwaukee Plaza,Fairbanks,Alaska,99709
Amabelle,Deeble,adeeble5t@360.cn,792 Independence Drive,New Orleans,Louisiana,70142
Myrvyn,Halfacre,mhalfacre5u@uol.com.br,17 Morrow Hill,Dayton,Ohio,45426
Rudolf,Gantlett,rgantlett5v@issuu.com,85215 Bellgrove Crossing,Saint Cloud,Minnesota,56398
Wallas,Domb,wdomb5w@shop-pro.jp,4 Towne Road,Seattle,Washington,98109
Malorie,Adriaan,madriaan5x@techcrunch.com,6410 Talmadge Court,El Paso,Texas,88514
Albertine,Sharply,asharply5y@rakuten.co.jp,42 Jana Crossing,Yakima,Washington,98907
Zollie,Giannasi,zgiannasi5z@chronoengine.com,24 Southridge Junction,Richmond,Virginia,23293
Sibylla,Eschalette,seschalette60@aboutads.info,723 Hoepker Court,Richmond,Virginia,23237
Reena,Dartnall,rdartnall61@deviantart.com,3 Del Sol Terrace,Phoenix,Arizona,85015
Henri,Drewe,hdrewe62@etsy.com,976 Hauk Parkway,Washington,District of Columbia,20319
Sandor,Ogelsby,sogelsby63@mtv.com,7855 Mallory Avenue,Lakeland,Florida,33805
Welby,Jeffress,wjeffress64@goo.ne.jp,75 Riverside Hill,Torrance,California,90505
Ermanno,Toll,etoll65@va.gov,830 Reinke Court,Las Vegas,Nevada,89160
Curry,Petegree,cpetegree66@yahoo.co.jp,6 Forest Run Road,Memphis,Tennessee,38114
Arliene,Barti,abarti67@i2i.jp,1261 Glendale Drive,Alexandria,Virginia,22333
Jocko,Bracey,jbracey68@netvibes.com,14 Fordem Trail,Bonita Springs,Florida,34135
Art,Dawkins,adawkins69@google.co.uk,688 Thierer Place,Gainesville,Florida,32610
Rina,Leven,rleven6a@boston.com,06460 Surrey Road,Anchorage,Alaska,99599
Rozella,Mearing,rmearing6b@google.com,915 Walton Street,Hialeah,Florida,33013
Brandtr,Odgaard,bodgaard6c@hp.com,7 Summerview Hill,New York City,New York,10029
Mandie,Lauchlan,mlauchlan6d@businesswire.com,64916 Kedzie Plaza,Seattle,Washington,98127
Keary,D'Acth,kdacth6e@economist.com,8 Coolidge Street,Flushing,New York,11355
Lora,Phette,lphette6f@si.edu,42179 Shoshone Lane,Allentown,Pennsylvania,18105
Hunter,Brawson,hbrawson6g@sun.com,7346 Sunfield Parkway,Kansas City,Kansas,66105
Brit,Sima,bsima6h@amazonaws.com,12991 Schiller Street,Topeka,Kansas,66642
Paten,Ballsdon,pballsdon6i@oaic.gov.au,9 Corscot Road,Richmond,Virginia,23242
Binny,Frary,bfrary6j@nyu.edu,55 Vahlen Point,Staten Island,New York,10305
Juieta,Videler,jvideler6k@bloomberg.com,7244 Arapahoe Drive,Minneapolis,Minnesota,55417
Shellie,Merryfield,smerryfield6l@ted.com,96 Northport Lane,Greensboro,North Carolina,27425
Wilek,Bockmann,wbockmann6m@businessinsider.com,18 Bay Terrace,Minneapolis,Minnesota,55458
Maurise,Renon,mrenon6n@macromedia.com,33003 Oriole Parkway,Warren,Ohio,44485
Bartel,Stannus,bstannus6o@godaddy.com,8390 Golf View Junction,Waltham,Massachusetts,02453
Hana,MacKartan,hmackartan6p@wordpress.com,57 Magdeline Court,Des Moines,Iowa,50320
Carver,Brislane,cbrislane6q@businesswire.com,315 Di Loreto Trail,Yonkers,New York,10705
Leanora,Stanbra,lstanbra6r@census.gov,629 Golf View Avenue,Murfreesboro,Tennessee,37131
Marika,Angier,mangier6s@miitbeian.gov.cn,79 Eagle Crest Center,Bakersfield,California,93311
Sibeal,Zanolli,szanolli6t@dailymail.co.uk,4 1st Lane,Washington,District of Columbia,20436
Orton,Giacobini,ogiacobini6u@home.pl,27 Farwell Avenue,Salt Lake City,Utah,84152
Brittan,Hansana,bhansana6v@illinois.edu,94787 Daystar Place,Houston,Texas,77075
Rooney,Llop,rllop6w@time.com,53 Hanson Drive,San Antonio,Texas,78278
Donni,Harston,dharston6x@spiegel.de,185 Acker Lane,Phoenix,Arizona,85015
Johanna,Melloi,jmelloi6y@hhs.gov,96227 Fair Oaks Point,Brockton,Massachusetts,02305
Odetta,Caulder,ocaulder6z@reference.com,51535 Summerview Parkway,Pensacola,Florida,32526
Hillary,Satteford,hsatteford70@yandex.ru,9 Green Ridge Terrace,Houston,Texas,77095
Ermengarde,Busain,ebusain71@flavors.me,4537 Ridge Oak Center,Carson City,Nevada,89714
Barbette,Tittershill,btittershill72@cornell.edu,4971 Coleman Circle,Sarasota,Florida,34233
Desiri,Stollsteiner,dstollsteiner73@slashdot.org,545 4th Road,Ann Arbor,Michigan,48107
Madelaine,Colrein,mcolrein74@amazonaws.com,5125 Muir Way,Minneapolis,Minnesota,55436
Romeo,MacAleese,rmacaleese75@angelfire.com,30 Fairfield Terrace,Tulsa,Oklahoma,74108
Denney,Aleshkov,daleshkov76@mediafire.com,859 Tennyson Junction,Milwaukee,Wisconsin,53205
Leonie,Regina,lregina77@altervista.org,1485 Schlimgen Way,Aurora,Colorado,80015
Bent,Alldred,balldred78@csmonitor.com,3 Monterey Center,Winston Salem,North Carolina,27105
Kellby,Trowsdale,ktrowsdale79@360.cn,9 Bobwhite Point,Cleveland,Ohio,44125
Kris,Alkin,kalkin7a@paypal.com,796 7th Alley,Apache Junction,Arizona,85219
Abran,Pesticcio,apesticcio7b@soundcloud.com,3316 Hansons Parkway,Tucson,Arizona,85715
Gay,McGreal,gmcgreal7c@shinystat.com,55066 Blackbird Way,Pittsburgh,Pennsylvania,15240
Iggie,Santhouse,isanthouse7d@usatoday.com,9563 Erie Place,Boston,Massachusetts,02163
Trstram,Kinzett,tkinzett7e@google.cn,0 Homewood Circle,Port Charlotte,Florida,33954
Nicolais,Jope,njope7f@gnu.org,343 Steensland Junction,Charleston,South Carolina,29411
Vin,Aikin,vaikin7g@usda.gov,059 Fieldstone Terrace,New Orleans,Louisiana,70116
Carolan,Keal,ckeal7h@macromedia.com,2 Anhalt Lane,Hagerstown,Maryland,21747
Tabitha,Maxfield,tmaxfield7i@xinhuanet.com,3 Stang Pass,Wichita Falls,Texas,76310
Ingram,Limrick,ilimrick7j@tinypic.com,9 Doe Crossing Plaza,Vancouver,Washington,98664
Gaultiero,Cleiment,gcleiment7k@facebook.com,51 Dixon Pass,Pueblo,Colorado,81015
Regina,Juarez,rjuarez7l@mozilla.com,64394 Bartelt Street,Saint Paul,Minnesota,55108
Addie,Mongeot,amongeot7m@ucla.edu,8 Welch Lane,Chicago,Illinois,60630
Marcile,Bapty,mbapty7n@mozilla.org,55246 Tony Junction,Fort Myers,Florida,33906
Shani,Megson,smegson7o@yellowbook.com,237 Grim Parkway,Milwaukee,Wisconsin,53205
Merrielle,Dykins,mdykins7p@ucoz.ru,9054 Village Green Avenue,Arvada,Colorado,80005
Findlay,Gigg,fgigg7q@cbslocal.com,53420 Hoepker Crossing,Saint Louis,Missouri,63158
Corey,Lorenzin,clorenzin7r@dagondesign.com,64 Commercial Way,San Francisco,California,94105
Gabi,Noller,gnoller7s@ezinearticles.com,56 Roth Trail,Detroit,Michigan,48295
Paco,Dedon,pdedon7t@storify.com,2 Mcguire Parkway,Huntsville,Texas,77343
Kippie,Caesar,kcaesar7u@merriam-webster.com,940 Bellgrove Parkway,Fort Wayne,Indiana,46805
Wenona,Swinfon,wswinfon7v@shutterfly.com,982 Warbler Drive,Evansville,Indiana,47747
Palm,Greenhalf,pgreenhalf7w@github.io,9 Rigney Park,Jefferson City,Missouri,65105
Maura,Drinkall,mdrinkall7x@ovh.net,4 Anhalt Road,Albany,New York,12205
Martha,Chadbourn,mchadbourn7y@columbia.edu,8684 Arrowood Trail,Tampa,Florida,33615
Prisca,Torns,ptorns7z@buzzfeed.com,182 Crowley Park,Topeka,Kansas,66629
Tiena,Lampaert,tlampaert80@mac.com,0 Pankratz Hill,Washington,District of Columbia,20099
Lynelle,Muncaster,lmuncaster81@newyorker.com,80049 Bayside Avenue,Santa Cruz,California,95064
Starlene,Fullstone,sfullstone82@miitbeian.gov.cn,9 Russell Point,Minneapolis,Minnesota,55428
Tracy,Daburn,tdaburn83@huffingtonpost.com,24 Londonderry Park,Anaheim,California,92805
Hy,Winterbourne,hwinterbourne84@youku.com,798 Lunder Park,Bradenton,Florida,34205
Kathie,Forcer,kforcer85@dell.com,12 Clemons Terrace,Toledo,Ohio,43635
Trudy,Skedge,tskedge86@homestead.com,764 International Way,Lynchburg,Virginia,24503
Angelita,Oxshott,aoxshott87@dell.com,701 Hooker Point,Englewood,Colorado,80150
Granger,Roskruge,groskruge88@livejournal.com,43 Bashford Parkway,Ridgely,Maryland,21684
Giordano,Omond,gomond89@theguardian.com,89 Stang Crossing,Des Moines,Iowa,50320
Irv,Koene,ikoene8a@parallels.com,46 Cottonwood Road,Mobile,Alabama,36689
Kelly,Jaskiewicz,kjaskiewicz8b@oakley.com,23169 Sauthoff Parkway,Aurora,Illinois,60505
Gwyn,Bonniface,gbonniface8c@mashable.com,5 Menomonie Circle,Saint Petersburg,Florida,33737
Bobbie,de Copeman,bdecopeman8d@prweb.com,6336 Westend Court,Bradenton,Florida,34282
Enrique,Forrington,eforrington8e@mapy.cz,31298 Butternut Circle,Jamaica,New York,11499
Paul,Godsell,pgodsell8f@youku.com,09 Walton Junction,Waterbury,Connecticut,06726
Clarinda,Blakely,cblakely8g@studiopress.com,9277 Shoshone Way,Phoenix,Arizona,85053
Mufinella,Pascow,mpascow8h@g.co,3595 Caliangt Drive,Austin,Texas,78721
Peggie,Schutte,pschutte8i@wix.com,7 Carioca Trail,Saint Paul,Minnesota,55188
Tarah,Stobbe,tstobbe8j@alexa.com,9684 1st Terrace,Albany,New York,12255
Nickie,Wadeling,nwadeling8k@meetup.com,25201 Hooker Trail,Jefferson City,Missouri,65110
Freddi,Draco,fdraco8l@t.co,58047 Reinke Plaza,Alexandria,Virginia,22313
Hynda,Afonso,hafonso8m@tuttocitta.it,3 Roxbury Trail,Beaumont,Texas,77713
Germayne,Dearsley,gdearsley8n@phoca.cz,8159 Truax Trail,Denver,Colorado,80204
Eugenia,Airth,eairth8o@nsw.gov.au,56343 Brown Crossing,Tucson,Arizona,85737
Carmon,Satterlee,csatterlee8p@umn.edu,1 Bunker Hill Road,Bloomington,Indiana,47405
Eward,Edgell,eedgell8q@vk.com,7993 Blue Bill Park Trail,Fayetteville,North Carolina,28305
Clayson,Alekhov,calekhov8r@amazon.co.jp,1 Annamark Drive,Jackson,Mississippi,39236
Neddie,Youde,nyoude8s@deliciousdays.com,6 Dawn Terrace,Miami,Florida,33134
Prue,Lugsdin,plugsdin8t@ucoz.ru,33 Roxbury Terrace,Washington,District of Columbia,20392
Terra,Tonbridge,ttonbridge8u@cisco.com,307 Roxbury Way,Seattle,Washington,98104
Jordan,Fossick,jfossick8v@slate.com,00224 Mayer Crossing,Houston,Texas,77218
Marita,Harris,mharris8w@360.cn,897 Grim Point,Vancouver,Washington,98682
Barri,Dunsire,bdunsire8x@skype.com,5 Buell Terrace,Fort Worth,Texas,76129
Waylon,Bagott,wbagott8y@vimeo.com,420 Corry Road,Fresno,California,93740
Gerry,Kleewein,gkleewein8z@uol.com.br,64626 Kennedy Court,Orlando,Florida,32825
Chrissy,Sends,csends90@360.cn,09970 Ohio Terrace,Mc Keesport,Pennsylvania,15134
Sibella,Mallard,smallard91@4shared.com,85 Northfield Crossing,Houston,Texas,77223
Donalt,Hanlon,dhanlon92@house.gov,3173 Holy Cross Point,Sacramento,California,94245
Carin,Ling,cling93@soundcloud.com,2559 Crowley Terrace,Oakland,California,94627
Bronnie,Blackburn,bblackburn94@miitbeian.gov.cn,77 Bellgrove Alley,Washington,District of Columbia,20470
Candis,Aplin,caplin95@weather.com,1 Johnson Hill,Fort Lauderdale,Florida,33305
Maximilian,Vance,mvance96@behance.net,32 Lien Court,Iowa City,Iowa,52245
Myrtice,Abramovicz,mabramovicz97@china.com.cn,169 5th Park,Buffalo,New York,14210
Marianna,Lempertz,mlempertz98@pinterest.com,00 Sycamore Pass,Fort Lauderdale,Florida,33355
Clemmie,McCullock,cmccullock99@ebay.co.uk,1000 Sachs Trail,Raleigh,North Carolina,27658
Yvor,Kares,ykares9a@trellian.com,60687 Rigney Center,Las Vegas,Nevada,89105
Maren,Benz,mbenz9b@seesaa.net,502 Union Pass,Los Angeles,California,90060
Alexis,Drioli,adrioli9c@omniture.com,3203 Emmet Center,Colorado Springs,Colorado,80930
Emmett,Kenington,ekenington9d@uiuc.edu,04581 Miller Alley,Kansas City,Missouri,64187
Rois,Deary,rdeary9e@symantec.com,3 Darwin Junction,Washington,District of Columbia,20238
Bartholomeus,Twinterman,btwinterman9f@feedburner.com,9 Cody Crossing,Raleigh,North Carolina,27610
Gerardo,Dyka,gdyka9g@constantcontact.com,04003 Parkside Plaza,Bakersfield,California,93311
Trumaine,Frisdick,tfrisdick9h@vkontakte.ru,526 Forster Center,Amarillo,Texas,79105
Gauthier,Bodega,gbodega9i@gnu.org,0 8th Hill,San Diego,California,92196
Donnamarie,Gass,dgass9j@economist.com,1137 Oriole Junction,San Antonio,Texas,78205
Arnaldo,Desquesnes,adesquesnes9k@istockphoto.com,35515 Graedel Pass,Hartford,Connecticut,06152
Linzy,Darrow,ldarrow9l@ucoz.ru,24 Lillian Park,Canton,Ohio,44720
Corine,Mully,cmully9m@theguardian.com,4614 Manitowish Parkway,West Palm Beach,Florida,33411
Alvie,Piscopiello,apiscopiello9n@youtube.com,1 Oneill Center,Birmingham,Alabama,35285
Kamillah,Garrod,kgarrod9o@blogtalkradio.com,83 Eliot Terrace,Migrate,Kentucky,41905
Andres,Ilieve,ailieve9p@123-reg.co.uk,1797 Rusk Park,Inglewood,California,90310
Weston,Orable,worable9q@oakley.com,16 Briar Crest Circle,Merrifield,Virginia,22119
Xylina,Bruford,xbruford9r@springer.com,22056 Logan Trail,Tacoma,Washington,98405
Albertine,Dunnion,adunnion9s@nsw.gov.au,98 Dapin Circle,Detroit,Michigan,48224
Karyl,MacFayden,kmacfayden9t@wikia.com,6 Portage Center,Evanston,Illinois,60208
Chrisy,Lowater,clowater9u@psu.edu,4 Pine View Center,Washington,District of Columbia,20051
Ardella,Gigg,agigg9v@eventbrite.com,2 Hoepker Place,North Las Vegas,Nevada,89036
Thomasina,Narramor,tnarramor9w@disqus.com,52 Bay Hill,Charlotte,North Carolina,28205
Neysa,Wittrington,nwittrington9x@g.co,74 Sage Road,Toledo,Ohio,43605
Carolann,Ager,cager9y@cdbaby.com,41836 Messerschmidt Road,Odessa,Texas,79769
Siusan,Houndsom,shoundsom9z@blogtalkradio.com,83 Kropf Road,Punta Gorda,Florida,33982
Armin,Savine,asavinea0@smugmug.com,59 Kropf Way,Houston,Texas,77206
Alameda,Brayson,abraysona1@chron.com,37918 4th Place,Trenton,New Jersey,08603
Ava,Taffs,ataffsa2@epa.gov,811 New Castle Way,Waterloo,Iowa,50706
Harcourt,Ranking,hrankinga3@apache.org,193 Vidon Point,Houston,Texas,77281
Danita,Jimes,djimesa4@bluehost.com,8973 Valley Edge Point,Des Moines,Iowa,50981
Rafaelia,Gladebeck,rgladebecka5@discovery.com,4 Stephen Drive,San Diego,California,92132
Giraldo,Dukesbury,gdukesburya6@networkadvertising.org,2 Red Cloud Road,Austin,Texas,78789
Amalle,Charteris,acharterisa7@mozilla.com,02 Reindahl Road,Tulsa,Oklahoma,74170
Roderich,Steffens,rsteffensa8@hao123.com,9 Sunfield Street,Pittsburgh,Pennsylvania,15240
Nola,Dy,ndya9@goo.gl,54969 Del Mar Point,Las Vegas,Nevada,89120
Madge,Beardshall,mbeardshallaa@tuttocitta.it,7 Fisk Terrace,Oklahoma City,Oklahoma,73142
Jacques,Scaddon,jscaddonab@webmd.com,206 Thompson Point,Houston,Texas,77271
Leonelle,Talkington,ltalkingtonac@surveymonkey.com,805 Mandrake Place,Charlotte,North Carolina,28205
Demeter,Lardeux,dlardeuxad@nih.gov,4954 Dexter Junction,Santa Fe,New Mexico,87592
Emalee,Flecknoe,eflecknoeae@buzzfeed.com,06 Debra Alley,Columbus,Ohio,43240
Dorris,Semken,dsemkenaf@google.ru,48 Sauthoff Drive,Mesa,Arizona,85215
Blaine,Boanas,bboanasag@wordpress.com,055 Ronald Regan Street,Huntsville,Alabama,35810
Levon,Jasik,ljasikah@google.es,83938 Hovde Terrace,Tucson,Arizona,85720
Halley,Kevlin,hkevlinai@google.com.hk,29 Dryden Hill,Honolulu,Hawaii,96850
Thomasin,Jaksic,tjaksicaj@abc.net.au,4 Bunker Hill Pass,Gainesville,Florida,32610
Delphinia,Bunston,dbunstonak@ebay.co.uk,463 Bunker Hill Terrace,Austin,Texas,78721
Shayna,Maharry,smaharryal@photobucket.com,56358 Forest Run Crossing,Sarasota,Florida,34276
Ofella,Exon,oexonam@usatoday.com,1 Pine View Drive,Minneapolis,Minnesota,55402
Perice,Sinton,psintonan@foxnews.com,75 Crowley Alley,Longview,Texas,75605
Goldina,McFarlane,gmcfarlaneao@bizjournals.com,9460 Forster Avenue,Sioux City,Iowa,51105
Roth,Crates,rcratesap@blogger.com,48 Nancy Court,Jackson,Mississippi,39236
Mercy,Kamenar,mkamenaraq@meetup.com,40 Laurel Terrace,San Jose,California,95155
Neysa,Lewins,nlewinsar@wix.com,54223 Russell Avenue,Wilkes Barre,Pennsylvania,18706
Terrye,Pettipher,tpettipheras@xing.com,0 La Follette Park,Duluth,Minnesota,55805
Marijo,Wiltsher,mwiltsherat@sogou.com,682 Corben Avenue,New Haven,Connecticut,06533
Stefan,Pingstone,spingstoneau@gizmodo.com,817 3rd Street,Baltimore,Maryland,21281
Shayna,Towey,stoweyav@unicef.org,4 Continental Lane,Independence,Missouri,64054
Antin,Paschke,apaschkeaw@indiatimes.com,0084 Fordem Plaza,San Diego,California,92165
Donnamarie,Bromell,dbromellax@illinois.edu,36705 Monica Center,Birmingham,Alabama,35285
Brew,Mangan,bmanganay@yolasite.com,00721 Meadow Vale Point,New York City,New York,10039
Golda,Somerton,gsomertonaz@tripod.com,2 Crescent Oaks Pass,Kansas City,Missouri,64130
Craggie,Farnan,cfarnanb0@zimbio.com,43378 Esch Place,Visalia,California,93291
Nick,Lyste,nlysteb1@stanford.edu,3490 Milwaukee Trail,Chicago,Illinois,60697
Orbadiah,MacDirmid,omacdirmidb2@ucla.edu,18366 Riverside Park,Seattle,Washington,98175
Randy,Flaherty,rflahertyb3@qq.com,363 Orin Court,Spartanburg,South Carolina,29305
Evaleen,Powles,epowlesb4@chronoengine.com,4206 Fairfield Lane,Savannah,Georgia,31416
Sheelah,Gout,sgoutb5@cam.ac.uk,11066 Monterey Point,Richmond,Virginia,23213
Elysee,Fitzackerley,efitzackerleyb6@wikia.com,069 Continental Plaza,Battle Creek,Michigan,49018
Ave,McSaul,amcsaulb7@pinterest.com,65 Buena Vista Trail,Carlsbad,California,92013
Roi,Tewkesberrie,rtewkesberrieb8@freewebs.com,75210 Northport Center,Pasadena,California,91131
Berty,Skase,bskaseb9@canalblog.com,075 Ramsey Trail,Cedar Rapids,Iowa,52410
Madison,Ivkovic,mivkovicba@hugedomains.com,0681 Butterfield Pass,Toledo,Ohio,43615
Cal,Lawling,clawlingbb@naver.com,548 Debra Hill,Jamaica,New York,11431
Dodie,Cullen,dcullenbc@yahoo.com,393 Sugar Court,Richmond,Virginia,23260
Euphemia,Gallardo,egallardobd@webmd.com,3 Stone Corner Center,San Diego,California,92196
Marisa,Capenor,mcapenorbe@businessinsider.com,43 Hansons Point,Phoenix,Arizona,85030
Willyt,Kershow,wkershowbf@biglobe.ne.jp,877 Forster Alley,Pueblo,Colorado,81010
Koressa,Girtin,kgirtinbg@usgs.gov,1703 Veith Crossing,Longview,Texas,75605
Krysta,Colloff,kcolloffbh@is.gd,1 Lyons Court,Phoenix,Arizona,85005
Lorne,Darlasson,ldarlassonbi@google.ca,99 Daystar Terrace,Jacksonville,Florida,32277
Britte,Mighele,bmighelebj@flavors.me,7 Artisan Alley,Monticello,Minnesota,55590
Amalee,Lichfield,alichfieldbk@wix.com,3 Linden Center,Tulsa,Oklahoma,74116
Pattin,Anderton,pandertonbl@blog.com,87 Fieldstone Road,Spring Hill,Florida,34611
Frederico,Shoebridge,fshoebridgebm@mozilla.com,41134 Hintze Terrace,Brea,California,92822
Fred,Scorey,fscoreybn@virginia.edu,06977 Hanson Center,Buffalo,New York,14215
Leonanie,Critzen,lcritzenbo@technorati.com,813 Stephen Center,Saint Louis,Missouri,63180
Wait,Ballay,wballaybp@sphinn.com,33 Springview Street,New Orleans,Louisiana,70124
Astrid,Swanston,aswanstonbq@hexun.com,04006 Forest Dale Terrace,Irving,Texas,75037
Mariele,Bligh,mblighbr@dyndns.org,9 Fairfield Court,San Jose,California,95173
Cortney,Rusted,crustedbs@un.org,8 Vahlen Road,El Paso,Texas,79977
Rhona,Pelman,rpelmanbt@washington.edu,6324 Hermina Trail,Richmond,Virginia,23203
Shirl,Huxton,shuxtonbu@webmd.com,80289 Anderson Circle,Columbia,South Carolina,29208
Collen,Friett,cfriettbv@bbb.org,72 Anniversary Court,Tacoma,Washington,98464
Bob,Thom,bthombw@photobucket.com,17591 Raven Court,Boulder,Colorado,80305
Naoma,Pottie,npottiebx@gravatar.com,770 Waubesa Trail,Mobile,Alabama,36689
Sissy,Spadari,sspadariby@squidoo.com,64126 Magdeline Junction,Cedar Rapids,Iowa,52405
Jephthah,Lusher,jlusherbz@jiathis.com,6 Loftsgordon Plaza,San Diego,California,92145
Lawton,Penwell,lpenwellc0@odnoklassniki.ru,424 Coleman Terrace,Lafayette,Louisiana,70505
Cybil,Bratten,cbrattenc1@youtube.com,16755 Mesta Center,Washington,District of Columbia,20010
Shaina,Ladel,sladelc2@desdev.cn,2584 Messerschmidt Crossing,Milwaukee,Wisconsin,53225
Corrie,Hincks,chincksc3@adobe.com,17852 Morningstar Circle,Columbia,South Carolina,29208
Minor,Assiter,massiterc4@gov.uk,1174 Washington Center,Boulder,Colorado,80305
Langston,Petegrew,lpetegrewc5@cbsnews.com,2294 Delladonna Way,Tulsa,Oklahoma,74193
Adaline,Broxton,abroxtonc6@hp.com,68 Bellgrove Alley,Phoenix,Arizona,85005
Morrie,Simond,msimondc7@pagesperso-orange.fr,56083 Scott Lane,Boston,Massachusetts,02298
Derward,Tallyn,dtallync8@shutterfly.com,5207 Fallview Trail,Springfield,Illinois,62723
Mellisa,Balcock,mbalcockc9@networksolutions.com,00628 Chive Park,Honolulu,Hawaii,96820
Dawna,Prosek,dprosekca@nasa.gov,8 School Avenue,Levittown,Pennsylvania,19058
Gabby,Sweeting,gsweetingcb@netlog.com,349 Pond Drive,Richmond,Virginia,23220
Caralie,Blanchflower,cblanchflowercc@oakley.com,775 Montana Street,Houston,Texas,77206
Corie,Cartmer,ccartmercd@ameblo.jp,93113 Melvin Park,Cincinnati,Ohio,45228
Elaina,Otridge,eotridgece@slideshare.net,48173 Meadow Vale Avenue,Dallas,Texas,75387
Daffie,Yeatman,dyeatmancf@wordpress.org,5 Reinke Way,Saint Louis,Missouri,63169
Tammie,Bettenson,tbettensoncg@uol.com.br,915 Scoville Junction,Johnson City,Tennessee,37605
Raviv,Crosher,rcrosherch@yahoo.com,25956 Bonner Point,Kent,Washington,98042
Murdock,Walisiak,mwalisiakci@surveymonkey.com,0 Oak Valley Lane,Denton,Texas,76210
Donnell,Permain,dpermaincj@narod.ru,08875 Meadow Valley Crossing,Evansville,Indiana,47725
Roldan,Dubble,rdubbleck@goodreads.com,0382 Park Meadow Park,Lexington,Kentucky,40505
Murdoch,Bezemer,mbezemercl@bloglovin.com,53777 Hallows Avenue,Saint Joseph,Missouri,64504
Beniamino,Heisler,bheislercm@wix.com,18140 Cascade Junction,Saint Paul,Minnesota,55166
Barny,Hairs,bhairscn@craigslist.org,8620 Starling Hill,Washington,District of Columbia,20260
Consuela,Habens,chabensco@utexas.edu,5 Memorial Center,Las Vegas,Nevada,89140
Page,McCafferky,pmccafferkycp@sun.com,8 Doe Crossing Hill,Greensboro,North Carolina,27425
Sigrid,Tiley,stileycq@java.com,25 Thompson Terrace,Toledo,Ohio,43615
Bernardine,Grote,bgrotecr@discuz.net,9 Sherman Court,New Haven,Connecticut,06520
Minny,Lovstrom,mlovstromcs@seattletimes.com,54557 Autumn Leaf Trail,Tempe,Arizona,85284
Joelynn,Tidcomb,jtidcombct@timesonline.co.uk,8 Granby Park,Los Angeles,California,90094
Merola,Commusso,mcommussocu@123-reg.co.uk,4751 Clemons Street,Albuquerque,New Mexico,87115
Danella,Ondracek,dondracekcv@ox.ac.uk,493 Randy Point,Washington,District of Columbia,20029
Davis,Goodlip,dgoodlipcw@illinois.edu,55 Meadow Ridge Street,Hialeah,Florida,33018
Marv,Kuhn,mkuhncx@godaddy.com,0529 Goodland Park,Springfield,Missouri,65898
Natal,Dyball,ndyballcy@ning.com,936 Sloan Street,Albany,New York,12247
Bernard,Olechnowicz,bolechnowiczcz@techcrunch.com,6 Lien Place,Springfield,Missouri,65805
Anselma,Britney,abritneyd0@salon.com,57 Debs Road,Omaha,Nebraska,68179
Rhodie,Lawty,rlawtyd1@pen.io,8101 Raven Center,Brooklyn,New York,11236
Ethelbert,Cato,ecatod2@bloomberg.com,9 Crownhardt Crossing,Memphis,Tennessee,38181
Monro,Windaybank,mwindaybankd3@dot.gov,84 Northfield Circle,Knoxville,Tennessee,37939
Romain,Osgorby,rosgorbyd4@nasa.gov,87961 Warbler Place,Trenton,New Jersey,08603
Adan,Kraut,akrautd5@yellowpages.com,29592 Judy Court,Fort Smith,Arkansas,72905
Vicky,Garrison,vgarrisond6@guardian.co.uk,91 Village Avenue,Minneapolis,Minnesota,55458
Nessi,Carnson,ncarnsond7@forbes.com,9 Alpine Drive,Spartanburg,South Carolina,29319
Artur,Dell,adelld8@cbsnews.com,93192 Fremont Hill,Young America,Minnesota,55564
Blakelee,Straffon,bstraffond9@oakley.com,5083 Granby Trail,Muskegon,Michigan,49444
Starlin,Garnam,sgarnamda@comsenz.com,43 Division Point,Santa Rosa,California,95405
Astra,MacDermott,amacdermottdb@google.com.au,97702 Crowley Road,Port Washington,New York,11054
Rab,Warn,rwarndc@icq.com,2 Porter Place,Sacramento,California,94263
Theo,Filipowicz,tfilipowiczdd@comsenz.com,55 Bayside Crossing,Miami,Florida,33261
Gunther,Barrat,gbarratde@reference.com,2 Scott Trail,Van Nuys,California,91411
Belinda,Salzen,bsalzendf@soundcloud.com,6 Moose Alley,Detroit,Michigan,48267
Humfrey,Charkham,hcharkhamdg@shareasale.com,83896 Rutledge Road,El Paso,Texas,79911
Aldo,Daily,adailydh@engadget.com,091 Mccormick Junction,El Paso,Texas,79968
Wallis,Allan,wallandi@twitter.com,3187 2nd Road,San Diego,California,92121
Kiley,Henrych,khenrychdj@umn.edu,9 Fairview Point,Huntington,West Virginia,25726
Storm,Tower,stowerdk@fda.gov,04227 Reinke Place,Tulsa,Oklahoma,74116
Killian,Dripp,kdrippdl@nba.com,171 Burrows Terrace,Brooklyn,New York,11215
Joleen,Danforth,jdanforthdm@tripod.com,59 Jenifer Drive,Vancouver,Washington,98682
Adelheid,Hof,ahofdn@slideshare.net,2175 Elka Road,Albuquerque,New Mexico,87140
Clint,Chadband,cchadbanddo@sciencedaily.com,127 Bluejay Point,Louisville,Kentucky,40293
Ossie,Frear,ofreardp@angelfire.com,7 New Castle Alley,Memphis,Tennessee,38136
Gerry,McGirl,gmcgirldq@4shared.com,572 David Way,Panama City,Florida,32412
Francklyn,Petranek,fpetranekdr@vk.com,0 Lighthouse Bay Street,Falls Church,Virginia,22047
Morna,Teodoro,mteodorods@networksolutions.com,3882 Farmco Street,Wilmington,North Carolina,28405
West,Passingham,wpassinghamdt@toplist.cz,58 Mitchell Alley,Portsmouth,Virginia,23705
Fin,Tidcomb,ftidcombdu@reference.com,05728 Coolidge Drive,Philadelphia,Pennsylvania,19160
Lora,Fiddeman,lfiddemandv@jugem.jp,8341 Scofield Park,Chicago,Illinois,60609
Skippie,Lowrie,slowriedw@uiuc.edu,8300 Sutteridge Trail,Pittsburgh,Pennsylvania,15266
Edik,Kesteven,ekestevendx@sogou.com,3 Bultman Lane,Honolulu,Hawaii,96805
Beck,Sherland,bsherlanddy@opera.com,83573 Shelley Road,Seattle,Washington,98115
Etti,Rostern,erosterndz@indiegogo.com,5 Hoepker Terrace,Cape Coral,Florida,33915
Eddi,Brightey,ebrighteye0@google.ru,01466 Springs Avenue,Providence,Rhode Island,02912
Tabb,Dunnaway,tdunnawaye1@surveymonkey.com,5807 Bowman Court,Kalamazoo,Michigan,49006
Ephrem,Trewman,etrewmane2@diigo.com,801 Lien Park,Asheville,North Carolina,28805
Delmar,Magowan,dmagowane3@newyorker.com,98 Straubel Road,Tulsa,Oklahoma,74170
Alphard,Emmitt,aemmitte4@aol.com,638 Manley Court,Pittsburgh,Pennsylvania,15240
Mickey,Skelding,mskeldinge5@hao123.com,65238 Farragut Avenue,Shawnee Mission,Kansas,66286
Gerianna,Eccleshare,gecclesharee6@w3.org,79 Knutson Trail,Portland,Oregon,97240
Hillie,Ilem,hileme7@hud.gov,025 Killdeer Street,Fayetteville,North Carolina,28314
Zedekiah,Peevor,zpeevore8@harvard.edu,2130 Forest Dale Junction,New Orleans,Louisiana,70142
Jefferey,Boutton,jbouttone9@behance.net,352 Emmet Parkway,Jacksonville,Florida,32244
Andi,Fewell,afewellea@abc.net.au,4813 Dahle Avenue,Amarillo,Texas,79171
Jen,Engelbrecht,jengelbrechteb@symantec.com,8 Sommers Park,Amarillo,Texas,79188
Karlie,Duprey,kdupreyec@hatena.ne.jp,81210 Sutteridge Circle,Rockford,Illinois,61105
Annelise,Dronsfield,adronsfielded@cnet.com,90 Jenifer Crossing,Minneapolis,Minnesota,55480
Almeta,Robet,arobetee@i2i.jp,819 Eggendart Hill,Fort Lauderdale,Florida,33325
Catlin,Stapford,cstapfordef@mozilla.com,99 Farmco Hill,Lynchburg,Virginia,24515
Fabiano,Theobalds,ftheobaldseg@skype.com,4295 Dixon Point,Albuquerque,New Mexico,87190
Neysa,MacQuaker,nmacquakereh@indiegogo.com,7340 Schmedeman Center,Washington,District of Columbia,20580
Dyanne,Garter,dgarterei@thetimes.co.uk,943 Starling Junction,San Diego,California,92153
Nester,Yushkin,nyushkinej@ustream.tv,0 Lakewood Plaza,Washington,District of Columbia,20503
Karina,Barnett,kbarnettek@de.vu,7 Anderson Place,Carol Stream,Illinois,60351
Katie,Heatlie,kheatlieel@hexun.com,7854 Caliangt Park,Little Rock,Arkansas,72204
Merv,McWhin,mmcwhinem@cam.ac.uk,46 Oxford Trail,Rochester,New York,14639
Anstice,Raulstone,araulstoneen@archive.org,969 Canary Street,Midland,Texas,79710
Elihu,Pegram,epegrameo@google.com.br,789 Chive Trail,Winter Haven,Florida,33884
Alejandra,Tosspell,atosspellep@slashdot.org,373 Colorado Place,South Bend,Indiana,46620
Virgil,Finnick,vfinnickeq@hexun.com,7 Kensington Center,Houston,Texas,77095
Lee,McGucken,lmcguckener@ehow.com,5442 Vahlen Center,Charleston,South Carolina,29424
Rozanna,Beeton,rbeetones@go.com,89 Crownhardt Center,Rochester,New York,14614
Esmeralda,Clapperton,eclappertonet@jugem.jp,77 Maywood Road,Simi Valley,California,93094
Augustin,Freke,afrekeeu@house.gov,05 Daystar Alley,Tacoma,Washington,98442
Broddie,Lowdwell,blowdwellev@lulu.com,8 Kipling Alley,Terre Haute,Indiana,47812
Kippar,Rosenwald,krosenwaldew@mlb.com,3513 Duke Alley,Las Vegas,Nevada,89155
Catherina,Waitland,cwaitlandex@about.com,496 Pankratz Court,New Orleans,Louisiana,70165
Waldo,Woodfin,wwoodfiney@wikia.com,00834 Merrick Alley,Jamaica,New York,11480
Mercie,Dymoke,mdymokeez@yahoo.co.jp,84056 West Pass,Dallas,Texas,75342
Carolann,Gerrad,cgerradf0@themeforest.net,91638 John Wall Trail,Tacoma,Washington,98411
Ashla,Forder,aforderf1@cnbc.com,81 Marcy Center,Amarillo,Texas,79118
Gustie,Jouhan,gjouhanf2@upenn.edu,0297 Browning Crossing,Kingsport,Tennessee,37665
Cindee,Krolman,ckrolmanf3@europa.eu,17 Transport Pass,Iowa City,Iowa,52245
Thornie,Yerrill,tyerrillf4@ucoz.com,23412 Maryland Terrace,Apache Junction,Arizona,85219
Shannah,Saurin,ssaurinf5@nsw.gov.au,3919 Algoma Parkway,Colorado Springs,Colorado,80935
Carmella,Brandrick,cbrandrickf6@dmoz.org,7 Veith Way,Shawnee Mission,Kansas,66215
Welby,Kewish,wkewishf7@prnewswire.com,3587 Bobwhite Circle,Duluth,Georgia,30195
Lotti,Scutter,lscutterf8@over-blog.com,6623 Little Fleur Drive,Clearwater,Florida,34615
Barbi,Piecha,bpiechaf9@webmd.com,613 Morrow Road,Longview,Texas,75605
Zsa zsa,Cuddon,zcuddonfa@godaddy.com,52800 Lerdahl Circle,Fort Collins,Colorado,80525
Becki,Barbey,bbarbeyfb@alibaba.com,097 Cottonwood Circle,Boston,Massachusetts,02109
Nevsa,Adamolli,nadamollifc@mapy.cz,28624 Cardinal Point,Orlando,Florida,32854
Allis,Jindra,ajindrafd@google.nl,1 Burning Wood Lane,El Paso,Texas,79928
Isabelita,Gurg,igurgfe@shutterfly.com,48 Coolidge Center,Houston,Texas,77005
Cosme,Headly,cheadlyff@wikipedia.org,650 Mendota Lane,Bridgeport,Connecticut,06606
Kally,McGarrahan,kmcgarrahanfg@dagondesign.com,81 Melody Point,Minneapolis,Minnesota,55428
Jacky,Baudy,jbaudyfh@google.com.hk,658 Carey Circle,Saint Petersburg,Florida,33742
Maxine,Dulling,mdullingfi@nbcnews.com,1627 Victoria Plaza,Peoria,Illinois,61635
Jillene,Arkle,jarklefj@wordpress.org,5642 Sherman Court,Pasadena,California,91186
Skyler,Ismay,sismayfk@kickstarter.com,49 Chinook Pass,Chandler,Arizona,85246
Nady,Phoebe,nphoebefl@squidoo.com,2464 Ryan Junction,Atlanta,Georgia,30323
Ole,Kesper,okesperfm@vkontakte.ru,475 Jana Street,Milwaukee,Wisconsin,53277
Chiquia,Milne,cmilnefn@narod.ru,6 Homewood Drive,Chicago,Illinois,60663
Sasha,Daffey,sdaffeyfo@exblog.jp,2 Eagle Crest Street,Norcross,Georgia,30092
Homer,Hitzschke,hhitzschkefp@sina.com.cn,6185 Stephen Place,Kansas City,Missouri,64193
Kaylee,Moseby,kmosebyfq@foxnews.com,62761 Forest Street,Fresno,California,93715
Tanhya,O'Cridigan,tocridiganfr@seattletimes.com,58963 Carey Pass,Huntington,West Virginia,25716
Georgiana,Tooby,gtoobyfs@tmall.com,27 Green Ridge Trail,Humble,Texas,77346
Correy,Holborn,cholbornft@is.gd,0 Bluejay Place,Austin,Texas,78754
Venus,Rosini,vrosinifu@kickstarter.com,9985 Stone Corner Alley,Rochester,New York,14614
Rinaldo,Danilovitch,rdanilovitchfv@sina.com.cn,78 Comanche Avenue,Ridgely,Maryland,21684
Neddie,Kreutzer,nkreutzerfw@google.es,79 Rutledge Park,New York City,New York,10039
Ruthanne,Cabrara,rcabrarafx@reuters.com,16 Mitchell Lane,Detroit,Michigan,48206
Bronnie,Laba,blabafy@umich.edu,34652 Anniversary Parkway,Chicago,Illinois,60657
Lilly,Rigolle,lrigollefz@google.es,211 Anthes Hill,Silver Spring,Maryland,20904
Josefina,Tiley,jtileyg0@hp.com,04 Welch Junction,Greensboro,North Carolina,27409
Gaven,Assiter,gassiterg1@typepad.com,1817 Mallard Drive,Philadelphia,Pennsylvania,19104
Norbert,Waddup,nwaddupg2@ed.gov,852 Oriole Hill,Denver,Colorado,80291
Federico,Dowdle,fdowdleg3@unblog.fr,44 Pearson Court,Murfreesboro,Tennessee,37131
Loydie,Deards,ldeardsg4@indiegogo.com,7 Basil Alley,Denver,Colorado,80249
Fraze,Findlow,ffindlowg5@hp.com,8977 Forest Court,Birmingham,Alabama,35220
Mame,Gunstone,mgunstoneg6@ox.ac.uk,3683 Burrows Drive,Dallas,Texas,75353
Joelie,Chopping,jchoppingg7@shutterfly.com,22 Mallory Crossing,Albany,Georgia,31704
Thorndike,Buzin,tbuzing8@wikispaces.com,236 Dunning Avenue,Boston,Massachusetts,02203
Sheridan,Norrie,snorrieg9@wufoo.com,1400 Laurel Trail,Orange,California,92867
Josee,Bownd,jbowndga@rambler.ru,05164 Carpenter Trail,Manchester,New Hampshire,03105
Lisa,Bedwell,lbedwellgb@slate.com,21188 Manley Parkway,San Diego,California,92145
Elva,Guihen,eguihengc@digg.com,5 Burning Wood Street,Portsmouth,New Hampshire,03804
Brooke,Fishwick,bfishwickgd@microsoft.com,7415 Chinook Parkway,Austin,Texas,78703
Freida,Palphramand,fpalphramandge@booking.com,0001 Raven Parkway,Louisville,Kentucky,40215
Arlyn,Calafato,acalafatogf@ftc.gov,89907 Transport Pass,Appleton,Wisconsin,54915
Noel,Seeking,nseekinggg@photobucket.com,57 Evergreen Park,Omaha,Nebraska,68197
Morena,Cassell,mcassellgh@statcounter.com,0547 Eagle Crest Center,Cincinnati,Ohio,45238
Ted,Roder,trodergi@lycos.com,94 Dovetail Junction,Minneapolis,Minnesota,55470
Karlee,Veque,kvequegj@sphinn.com,95 Union Junction,Chicago,Illinois,60669
Jesus,Curle,jcurlegk@java.com,142 Hovde Crossing,Fort Worth,Texas,76162
Cherri,Carrington,ccarringtongl@newyorker.com,74 Corry Trail,El Paso,Texas,79989
Lazare,Essberger,lessbergergm@rambler.ru,3404 Ronald Regan Terrace,Portland,Oregon,97201
Sibylla,Isles,sislesgn@friendfeed.com,14 Clove Alley,Washington,District of Columbia,20005
Thayne,Liggons,tliggonsgo@wikia.com,448 Browning Place,Mobile,Alabama,36689
Eyde,Geer,egeergp@pcworld.com,31794 Victoria Road,San Bernardino,California,92415
Rosaline,Sunter,rsuntergq@epa.gov,207 Thompson Pass,Terre Haute,Indiana,47812
Cynthea,Kirckman,ckirckmangr@chicagotribune.com,42944 Rockefeller Center,Milwaukee,Wisconsin,53210
Willette,Atrill,watrillgs@buzzfeed.com,98584 Kenwood Park,New Orleans,Louisiana,70179
Felicdad,Huffy,fhuffygt@paginegialle.it,08 Algoma Avenue,Sunnyvale,California,94089
Horton,Gianettini,hgianettinigu@cbslocal.com,53 Northview Junction,Topeka,Kansas,66617
Lauren,Whitsun,lwhitsungv@bbc.co.uk,2 Meadow Valley Junction,Washington,District of Columbia,20215
Vi,Corroyer,vcorroyergw@accuweather.com,72 Vermont Avenue,Washington,District of Columbia,20425
Robb,Putley,rputleygx@pcworld.com,6197 Westport Center,Corpus Christi,Texas,78470
Federico,Shalcras,fshalcrasgy@msu.edu,344 Tennessee Avenue,Gainesville,Georgia,30506
Atlante,Yesinin,ayesiningz@infoseek.co.jp,69484 Elmside Pass,Houston,Texas,77095
Dierdre,Halvosen,dhalvosenh0@netlog.com,64432 Park Meadow Hill,Sarasota,Florida,34276
Yank,De Cruz,ydecruzh1@imageshack.us,37 Fairfield Park,Tacoma,Washington,98424
Ula,Walne,uwalneh2@craigslist.org,4 Northridge Crossing,Corona,California,92883
Shelby,Chatenier,schatenierh3@ameblo.jp,051 Marcy Trail,Memphis,Tennessee,38104
Marsiella,Slevin,mslevinh4@kickstarter.com,74 Porter Pass,Tulsa,Oklahoma,74156
Celestine,Bankhurst,cbankhursth5@nba.com,7 Sundown Circle,Evansville,Indiana,47732
Kristel,Fripp,kfripph6@mtv.com,8 Mallard Alley,Des Moines,Iowa,50936
Orelia,Hanhard,ohanhardh7@zimbio.com,01 7th Road,El Paso,Texas,79928
Dorisa,O'Hagerty,dohagertyh8@chronoengine.com,80 Bunting Terrace,New York City,New York,10045
Becca,Brumfitt,bbrumfitth9@ask.com,6 Rieder Park,El Paso,Texas,79945
Kirstyn,Aveson,kavesonha@php.net,33 Blackbird Plaza,Macon,Georgia,31296
Lindsey,Halbeard,lhalbeardhb@dion.ne.jp,5309 Warrior Crossing,South Bend,Indiana,46620
Claus,Kayzer,ckayzerhc@moonfruit.com,6115 Carberry Avenue,Tacoma,Washington,98405
Deedee,Errichi,derrichihd@lulu.com,910 Pond Pass,New York City,New York,10004
Dulci,Cordelette,dcordelettehe@simplemachines.org,96621 Hoard Park,Salt Lake City,Utah,84115
Shirley,Erbain,serbainhf@dmoz.org,46 Susan Terrace,Phoenix,Arizona,85099
Brook,Greenrod,bgreenrodhg@exblog.jp,9 Ruskin Plaza,San Antonio,Texas,78215
Noami,Tant,ntanthh@example.com,63 Hudson Court,Austin,Texas,78737
Roxanne,Vellden,rvelldenhi@furl.net,01 Lerdahl Center,Lexington,Kentucky,40581
Julieta,Tersay,jtersayhj@photobucket.com,322 Oriole Crossing,Sacramento,California,94286
Alexis,Magowan,amagowanhk@diigo.com,27935 7th Pass,Norfolk,Virginia,23504
Meta,Marnane,mmarnanehl@pinterest.com,03954 Meadow Vale Plaza,Los Angeles,California,90081
Jammal,Kayley,jkayleyhm@mozilla.com,7981 Eliot Road,Indianapolis,Indiana,46202
Carrol,Gartrell,cgartrellhn@nasa.gov,1426 Northfield Crossing,San Antonio,Texas,78240
Tibold,Turbill,tturbillho@live.com,355 Blaine Street,Garden Grove,California,92844
Lind,Greschik,lgreschikhp@indiatimes.com,15 Surrey Circle,West Palm Beach,Florida,33421
Jobyna,Corr,jcorrhq@list-manage.com,99 Logan Street,San Antonio,Texas,78230
Dorolice,Surr,dsurrhr@skyrock.com,69 Brickson Park Alley,Kent,Washington,98042
Sarah,Fretwell,sfretwellhs@chronoengine.com,1 Mitchell Crossing,Chicago,Illinois,60609
Marni,Izen,mizenht@de.vu,45 Forest Run Circle,Saint Augustine,Florida,32092
Jeniece,Kettley,jkettleyhu@uiuc.edu,48422 Memorial Circle,Wichita,Kansas,67215
Rhona,Pickerin,rpickerinhv@free.fr,87 Mccormick Trail,Miami,Florida,33233
Melvyn,Gatecliffe,mgatecliffehw@tinypic.com,571 Cascade Road,Memphis,Tennessee,38181
Brandice,Boatwright,bboatwrighthx@liveinternet.ru,272 Pepper Wood Way,Buffalo,New York,14205
Hymie,Kieran,hkieranhy@de.vu,7899 Russell Place,Denton,Texas,76205
Renato,Gorman,rgormanhz@usa.gov,32510 Donald Crossing,San Antonio,Texas,78260
Hi,Honywill,hhonywilli0@prweb.com,28892 Park Meadow Alley,San Francisco,California,94147
Cathrin,Rault,craulti1@prnewswire.com,80603 Leroy Court,Dallas,Texas,75392
Zena,Olivetta,zolivettai2@wsj.com,20363 Blaine Park,Saint Louis,Missouri,63116
Ashia,Grint,agrinti3@spiegel.de,37 Thierer Plaza,Houston,Texas,77276
Rachel,Chiplen,rchipleni4@drupal.org,139 Welch Parkway,Saint Cloud,Minnesota,56398
Andrea,Skyppe,askyppei5@sciencedaily.com,6 Tennyson Lane,Schenectady,New York,12325
Charmane,De Ruggiero,cderuggieroi6@auda.org.au,5188 American Ash Crossing,New Haven,Connecticut,06538
Karlotte,Cherrington,kcherringtoni7@pbs.org,32738 Del Sol Plaza,Pittsburgh,Pennsylvania,15235
Ernie,Heffy,eheffyi8@ameblo.jp,2 Brentwood Terrace,Shawnee Mission,Kansas,66276
Danny,Ormonde,dormondei9@miitbeian.gov.cn,02 Doe Crossing Road,Torrance,California,90510
Celestia,Pembery,cpemberyia@phpbb.com,1 Lakewood Gardens Junction,San Bernardino,California,92424
Maryjo,Garfirth,mgarfirthib@vk.com,00519 Lakewood Center,El Paso,Texas,79955
Adina,Hector,ahectoric@tripod.com,57824 Little Fleur Center,Fort Wayne,Indiana,46896
Irwin,Cleyne,icleyneid@blogspot.com,7353 Arrowood Park,Daytona Beach,Florida,32123
Ernest,Davidowsky,edavidowskyie@phpbb.com,821 Drewry Alley,Lubbock,Texas,79415
Thelma,Tarbox,ttarboxif@google.cn,050 Reinke Center,Ashburn,Virginia,22093
Estell,Lithcow,elithcowig@blog.com,9 Brown Avenue,Memphis,Tennessee,38109
Burch,Guise,bguiseih@java.com,4140 Schiller Plaza,Washington,District of Columbia,20414
Verney,Pierrepont,vpierrepontii@tinyurl.com,223 Messerschmidt Street,Washington,District of Columbia,20397
Wandie,Tenniswood,wtenniswoodij@jiathis.com,08664 Golf Course Hill,San Bernardino,California,92415
Lind,Gavin,lgavinik@cpanel.net,6787 8th Place,Saint Paul,Minnesota,55188
Lexy,Roome,lroomeil@earthlink.net,8 Lunder Terrace,Carson City,Nevada,89714
Boonie,Cargill,bcargillim@imdb.com,6 Kropf Drive,Washington,District of Columbia,20404
Johna,Lidierth,jlidierthin@phoca.cz,3 Jay Parkway,Scottsdale,Arizona,85255
Salomo,Monro,smonroio@jimdo.com,1886 Monterey Way,Kansas City,Missouri,64114
Roanna,Housegoe,rhousegoeip@youtu.be,8924 Kim Court,Tucson,Arizona,85743
Cosette,Aulds,cauldsiq@cafepress.com,70399 Pennsylvania Crossing,Macon,Georgia,31205
Selinda,Sturr,ssturrir@ning.com,6 Grim Parkway,Boston,Massachusetts,02109
Lynnet,Blamphin,lblamphinis@xing.com,4239 Schmedeman Crossing,Las Vegas,Nevada,89166
Desdemona,Markwick,dmarkwickit@w3.org,91 Prairieview Street,New Orleans,Louisiana,70116
Korry,Towll,ktowlliu@delicious.com,10 Lyons Junction,Houston,Texas,77281
Launce,Carress,lcarressiv@bloglines.com,94626 Fairview Parkway,Cheyenne,Wyoming,82007
Madonna,Scales,mscalesiw@google.com.au,09 Ruskin Point,Atlanta,Georgia,31190
Lizbeth,Kuhnke,lkuhnkeix@tumblr.com,8 Golf View Pass,Washington,District of Columbia,20041
Cece,MacMeekan,cmacmeekaniy@oracle.com,66449 Forest Dale Place,Fort Wayne,Indiana,46857
Linell,Seedman,lseedmaniz@fc2.com,5305 Meadow Ridge Center,Saint Louis,Missouri,63121
Correna,Stiffkins,cstiffkinsj0@infoseek.co.jp,956 Grover Road,Mansfield,Ohio,44905
Marya,Ricards,mricardsj1@vinaora.com,941 Del Mar Drive,Houston,Texas,77266
Corny,Dunne,cdunnej2@go.com,29554 Farragut Road,Baton Rouge,Louisiana,70826
Vinita,Rosle,vroslej3@google.fr,3472 Swallow Point,Houston,Texas,77010
Ilaire,Sweeting,isweetingj4@time.com,41 Brickson Park Terrace,Waco,Texas,76711
Rodd,Swinney,rswinneyj5@reuters.com,70 Elka Terrace,Arlington,Virginia,22205
Mamie,Lyenyng,mlyenyngj6@plala.or.jp,1 Rutledge Crossing,Denver,Colorado,80249
Olimpia,Richly,orichlyj7@forbes.com,98 Corben Junction,Bronx,New York,10459
Trixy,Petteford,tpettefordj8@europa.eu,762 Mendota Terrace,Charleston,West Virginia,25356
Creight,Ollenbuttel,collenbuttelj9@cnet.com,49 Florence Terrace,Anaheim,California,92812
Brook,Abrahmson,babrahmsonja@nydailynews.com,581 Veith Park,Dulles,Virginia,20189
Ambrosi,Glasner,aglasnerjb@mysql.com,73 Springs Drive,El Paso,Texas,88579
Hernando,Attersoll,hattersolljc@weibo.com,9 Westend Park,South Bend,Indiana,46699
Valerie,Day,vdayjd@reuters.com,87 West Way,Orlando,Florida,32803
Brendan,Faiers,bfaiersje@mozilla.com,3 Independence Terrace,Santa Fe,New Mexico,87505
Prinz,Frill,pfrilljf@intel.com,2895 Hovde Pass,Albuquerque,New Mexico,87110
Giff,Robeiro,grobeirojg@qq.com,4 Gerald Plaza,Los Angeles,California,90045
Shela,Rabat,srabatjh@indiatimes.com,9073 Upham Lane,San Jose,California,95138
Selig,Gainsborough,sgainsboroughji@fc2.com,6937 Acker Hill,Brockton,Massachusetts,02405
Demetrius,Meany,dmeanyjj@weather.com,82 Mariners Cove Circle,Riverside,California,92519
Meade,Cappell,mcappelljk@paypal.com,1 Merrick Center,Phoenix,Arizona,85045
Julissa,Gronou,jgronoujl@fastcompany.com,169 Onsgard Lane,Evansville,Indiana,47747
Julienne,Emburey,jembureyjm@guardian.co.uk,7 Lawn Alley,Houston,Texas,77025
Jaye,Tilson,jtilsonjn@printfriendly.com,918 Grover Way,Baltimore,Maryland,21282
Calida,Buterton,cbutertonjo@guardian.co.uk,12 Pawling Place,Huntington,West Virginia,25721
Rodger,Kingsley,rkingsleyjp@mapquest.com,886 Dryden Road,Houston,Texas,77299
Shurwood,Fronczak,sfronczakjq@tripadvisor.com,72 Rowland Hill,Jackson,Mississippi,39216
Webster,Jull,wjulljr@nifty.com,01 Knutson Lane,Brooklyn,New York,11254
Daryl,Greenhalgh,dgreenhalghjs@homestead.com,08115 Bayside Lane,Albuquerque,New Mexico,87195
Cayla,Pashbee,cpashbeejt@odnoklassniki.ru,5 Farwell Avenue,Portland,Oregon,97221
Carlee,Boutellier,cboutellierju@ucsd.edu,252 Jenifer Parkway,Fayetteville,North Carolina,28314
Kathe,Duguid,kduguidjv@ftc.gov,908 Novick Road,Tallahassee,Florida,32304
Jan,MacMaykin,jmacmaykinjw@techcrunch.com,0 Artisan Court,Rochester,Minnesota,55905
Suzanna,Heavy,sheavyjx@xinhuanet.com,3178 Randy Crossing,Miami,Florida,33129
Crin,Parkins,cparkinsjy@who.int,7920 Welch Alley,Monticello,Minnesota,55590
Felike,Arney,farneyjz@imageshack.us,337 Florence Circle,Camden,New Jersey,08104
Catlee,Doveston,cdovestonk0@4shared.com,58620 Clarendon Court,Chicago,Illinois,60691
Bambi,Morriarty,bmorriartyk1@businesswire.com,36 Forster Center,Atlanta,Georgia,30368
Georgie,Peye,gpeyek2@parallels.com,5 Eastlawn Center,San Jose,California,95128
Coleen,Viner,cvinerk3@prweb.com,342 Southridge Plaza,Indianapolis,Indiana,46278
Michaeline,Wigin,mwigink4@forbes.com,748 Springs Pass,Fort Worth,Texas,76198
Norri,Schonfeld,nschonfeldk5@nature.com,50 Pond Road,Richmond,Virginia,23228
Devondra,Sketchley,dsketchleyk6@barnesandnoble.com,381 Vernon Street,Green Bay,Wisconsin,54313
Faydra,Lafayette,flafayettek7@rambler.ru,3784 Crowley Junction,Fairbanks,Alaska,99790
Donaugh,Pargent,dpargentk8@so-net.ne.jp,508 Fuller Way,Saint Louis,Missouri,63131
Sosanna,Barbara,sbarbarak9@ycombinator.com,301 Rutledge Parkway,San Antonio,Texas,78296
Lynsey,Tumielli,ltumiellika@time.com,0848 Bluestem Place,Aurora,Colorado,80015
Kevyn,Milch,kmilchkb@ox.ac.uk,51413 Kensington Street,Chattanooga,Tennessee,37405
Angela,Clynter,aclynterkc@1und1.de,2 Fairview Drive,Augusta,Georgia,30911
Archibald,Menguy,amenguykd@goodreads.com,85441 Thackeray Circle,Nashville,Tennessee,37235
Dottie,Rich,drichke@nyu.edu,10 Brentwood Parkway,Birmingham,Alabama,35285
Nap,MacMearty,nmacmeartykf@goodreads.com,8 Dryden Alley,Tyler,Texas,75705
Gustie,Wallington,gwallingtonkg@xrea.com,60 Thackeray Circle,Minneapolis,Minnesota,55436
Dyna,Kohtler,dkohtlerkh@senate.gov,29659 Little Fleur Terrace,Jamaica,New York,11436
Cherlyn,Halliberton,challibertonki@acquirethisname.com,453 Bobwhite Street,Baltimore,Maryland,21290
Zulema,Klampt,zklamptkj@purevolume.com,95 Pond Street,Athens,Georgia,30610
Neely,Lathwell,nlathwellkk@stumbleupon.com,068 Crowley Road,Littleton,Colorado,80161
Christina,Saltern,csalternkl@canalblog.com,5 Sommers Lane,Lafayette,Louisiana,70593
Raquela,Cumber,rcumberkm@springer.com,72589 Summit Street,Houston,Texas,77245
Bevin,Adamo,badamokn@sbwire.com,1 Burning Wood Way,Pasadena,California,91131
Desdemona,Wemyss,dwemyssko@icio.us,9001 Linden Crossing,Miami,Florida,33169
Alister,Scrigmour,ascrigmourkp@umich.edu,98 Rieder Junction,Kansas City,Kansas,66112
Kori,Ensor,kensorkq@accuweather.com,17348 Sheridan Plaza,Mobile,Alabama,36628
Carmelia,Younie,cyouniekr@yale.edu,0735 Onsgard Lane,Columbus,Ohio,43268
Jedd,Yurlov,jyurlovks@wordpress.com,583 Birchwood Street,Miami,Florida,33134
Alric,Abrahmson,aabrahmsonkt@wisc.edu,5 Reindahl Terrace,Atlanta,Georgia,30380
Lotte,Abell,labellku@latimes.com,11 Mariners Cove Street,Watertown,Massachusetts,02472
Rosalia,Budleigh,rbudleighkv@washingtonpost.com,2559 Sycamore Parkway,Madison,Wisconsin,53779
Tandy,McEvoy,tmcevoykw@guardian.co.uk,21 6th Road,Huntsville,Alabama,35815
Cesare,Callister,ccallisterkx@linkedin.com,11600 Pennsylvania Pass,Waco,Texas,76796
Abby,Thurling,athurlingky@bloglovin.com,19207 Mcguire Pass,San Diego,California,92196
Mavis,Dunstall,mdunstallkz@wiley.com,60 Petterle Avenue,Myrtle Beach,South Carolina,29579
Kenn,McIndoe,kmcindoel0@msu.edu,98482 Westport Parkway,Brooklyn,New York,11215
Standford,Houchen,shouchenl1@timesonline.co.uk,1 Hauk Trail,Hicksville,New York,11854
Vere,Wardale,vwardalel2@hexun.com,8 Lien Pass,Mount Vernon,New York,10557
Leonerd,Patridge,lpatridgel3@archive.org,95 Continental Way,Phoenix,Arizona,85072
Ericha,Bellow,ebellowl4@hostgator.com,4794 Sutherland Parkway,Ventura,California,93005
Dorette,Curry,dcurryl5@posterous.com,38 Kingsford Lane,Shawnee Mission,Kansas,66220
Leigh,Geillier,lgeillierl6@columbia.edu,3 Vermont Terrace,Atlanta,Georgia,30340
Jojo,Lindhe,jlindhel7@wsj.com,5283 David Court,Cincinnati,Ohio,45254
Sarajane,Goddert.sf,sgoddertsfl8@reverbnation.com,16 Daystar Hill,Daytona Beach,Florida,32118
Hermann,Darco,hdarcol9@example.com,00 Springview Way,Las Cruces,New Mexico,88006
Rollin,Colquite,rcolquitela@dion.ne.jp,7586 Vernon Court,Sacramento,California,94257
Parnell,Phizaclea,pphizaclealb@jugem.jp,7 Nova Circle,Santa Fe,New Mexico,87592
Aurlie,Charlick,acharlicklc@ehow.com,44 Summit Drive,Albany,Georgia,31704
Beau,McCarthy,bmccarthyld@goo.gl,6214 Buena Vista Parkway,Laredo,Texas,78044
Kent,Jeanequin,kjeanequinle@uol.com.br,0138 Gina Crossing,Mobile,Alabama,36605
Teodoor,Opdenorth,topdenorthlf@sun.com,25079 Swallow Point,Washington,District of Columbia,20392
Calvin,Ellams,cellamslg@jalbum.net,2750 Toban Avenue,El Paso,Texas,88589
Roberto,Blincoe,rblincoelh@pen.io,3 Di Loreto Trail,Tulsa,Oklahoma,74133
Pembroke,Fitt,pfittli@unesco.org,1 Delaware Lane,Huntington,West Virginia,25770
Quincey,Crombie,qcrombielj@chron.com,31 Forest Dale Trail,Fort Lauderdale,Florida,33320
Salli,Twort,stwortlk@cisco.com,2 Upham Circle,New Haven,Connecticut,06533
Victoir,Di Carli,vdicarlill@dell.com,3230 Boyd Court,Huntsville,Alabama,35810
Jessey,Piet,jpietlm@constantcontact.com,6905 Lyons Pass,Sacramento,California,94257
Cornelius,Solomonides,csolomonidesln@typepad.com,59 Bluestem Way,Aurora,Colorado,80045
Waylen,Trundler,wtrundlerlo@bizjournals.com,5 Petterle Street,Buffalo,New York,14269
Amy,Kolushev,akolushevlp@usatoday.com,1489 Ridge Oak Road,Lakeland,Florida,33811
Becca,Martino,bmartinolq@harvard.edu,02 Chive Drive,Jamaica,New York,11480
Sig,Kehoe,skehoelr@fc2.com,264 Esch Point,Atlanta,Georgia,30386
Ugo,Creavan,ucreavanls@bloglines.com,026 Sullivan Parkway,Cincinnati,Ohio,45243
Wenda,MacGillacolm,wmacgillacolmlt@angelfire.com,2478 Hermina Place,New York City,New York,10105
Dedra,Abdee,dabdeelu@yellowbook.com,3 Haas Pass,Vero Beach,Florida,32964
Tracey,Hagard,thagardlv@slashdot.org,24 Bashford Center,Akron,Ohio,44310
Cullie,Northway,cnorthwaylw@is.gd,57 Lukken Circle,Philadelphia,Pennsylvania,19104
Elena,Freemantle,efreemantlelx@gizmodo.com,30876 Towne Way,Seattle,Washington,98109
Kerr,Chevers,kcheversly@springer.com,070 North Terrace,Milwaukee,Wisconsin,53205
Thorpe,Bezants,tbezantslz@seattletimes.com,51 Fordem Avenue,Omaha,Nebraska,68144
Orel,Gemelli,ogemellim0@printfriendly.com,09 Sundown Alley,Newark,Delaware,19725
Sandro,Awdry,sawdrym1@over-blog.com,25 Dryden Crossing,Albuquerque,New Mexico,87201
Leroy,Hellyer,lhellyerm2@wix.com,36755 Brown Place,South Bend,Indiana,46634
Whitney,Boeter,wboeterm3@angelfire.com,2002 Kim Road,Houston,Texas,77025
Ogden,Sotworth,osotworthm4@cnn.com,5 Lien Trail,Boca Raton,Florida,33499
Cristy,Hedaux,chedauxm5@topsy.com,42 Alpine Point,Arlington,Texas,76016
Angil,Matevosian,amatevosianm6@tumblr.com,37 Esch Center,Iowa City,Iowa,52245
Kathrine,Franzoli,kfranzolim7@intel.com,97 Atwood Court,Arlington,Texas,76011
Luke,Lauritsen,llauritsenm8@imageshack.us,94791 Sommers Junction,Richmond,Virginia,23220
Giulia,Patmore,gpatmorem9@weather.com,047 Elmside Plaza,Nashville,Tennessee,37228
Allistir,Yewdale,ayewdalema@walmart.com,6226 Shelley Terrace,Pensacola,Florida,32505
Frederico,Ahearne,fahearnemb@ask.com,49 Village Green Avenue,Salt Lake City,Utah,84170
Michaella,Lennox,mlennoxmc@sun.com,737 Miller Court,New Orleans,Louisiana,70154
Cassie,Bugbee,cbugbeemd@blinklist.com,92454 Jenifer Point,Richmond,Virginia,23277
Dinny,Kerins,dkerinsme@un.org,00 Leroy Pass,Wichita,Kansas,67210
Viviana,Shackle,vshacklemf@mapy.cz,4734 Towne Avenue,Colorado Springs,Colorado,80935
Jesselyn,Hardeman,jhardemanmg@gmpg.org,290 Scoville Junction,Salt Lake City,Utah,84130
Marcello,Dybbe,mdybbemh@globo.com,27149 Stang Parkway,Raleigh,North Carolina,27635
Haleigh,Rothman,hrothmanmi@webmd.com,33 Alpine Place,Tallahassee,Florida,32314
Brade,Dutchburn,bdutchburnmj@sciencedaily.com,8552 Brickson Park Parkway,Houston,Texas,77288
Joceline,Barthel,jbarthelmk@ox.ac.uk,289 Monica Lane,Pittsburgh,Pennsylvania,15205
Haven,MacCawley,hmaccawleyml@businessweek.com,13 Scoville Alley,Oceanside,California,92056
Renard,Crowne,rcrownemm@adobe.com,574 Laurel Junction,New York City,New York,10125
Denys,Pierse,dpiersemn@google.ca,72245 Tennessee Court,Philadelphia,Pennsylvania,19172
Thibaut,Housen,thousenmo@pcworld.com,34771 Spohn Alley,San Diego,California,92110
Blondelle,Pavie,bpaviemp@bravesites.com,995 Cherokee Center,Memphis,Tennessee,38136
Bidget,Burrells,bburrellsmq@fda.gov,3359 Fulton Way,Dallas,Texas,75397
Mira,Barnett,mbarnettmr@amazonaws.com,840 Mallory Junction,Joliet,Illinois,60435
Melosa,Ketch,mketchms@wordpress.com,5498 Bonner Avenue,Oakland,California,94660
Chloe,Drinkel,cdrinkelmt@moonfruit.com,236 East Avenue,Fort Myers,Florida,33994
Harmonie,Cottham,hcotthammu@elpais.com,03184 Northport Place,Peoria,Arizona,85383
Reuben,Moult,rmoultmv@issuu.com,5393 Norway Maple Parkway,Phoenix,Arizona,85035
Lonna,Antonutti,lantonuttimw@auda.org.au,07139 Farmco Junction,Louisville,Kentucky,40220
York,Valance,yvalancemx@springer.com,7716 Miller Way,Tacoma,Washington,98417
Arabel,Aveling,aavelingmy@un.org,2076 8th Way,Cleveland,Ohio,44118
Rayshell,Crottagh,rcrottaghmz@msu.edu,176 Gina Crossing,Newark,Delaware,19714
Tanney,Rust,trustn0@over-blog.com,33 Bartelt Park,Albany,New York,12262
Annmaria,Montgomery,amontgomeryn1@so-net.ne.jp,8678 Green Street,Tulsa,Oklahoma,74116
Parsifal,MacNamee,pmacnameen2@wikia.com,4 Elmside Alley,Kansas City,Missouri,64130
Dominik,Boggish,dboggishn3@arizona.edu,1580 Sherman Drive,Brooklyn,New York,11210
Elita,Potticary,epotticaryn4@squarespace.com,365 Coleman Point,San Diego,California,92110
Marisa,Keyden,mkeydenn5@gov.uk,54 Vera Junction,Tucson,Arizona,85720
Pat,Lunnon,plunnonn6@army.mil,33932 Northland Plaza,Springfield,Missouri,65810
Willis,Cabble,wcabblen7@fotki.com,18 Manitowish Hill,Burbank,California,91505
Madelle,Jeske,mjesken8@diigo.com,9 Manitowish Center,Winston Salem,North Carolina,27110
Dorree,Syme,dsymen9@oakley.com,527 Mandrake Circle,Saint Paul,Minnesota,55103
Milena,Dyball,mdyballna@rediff.com,0 Truax Pass,Portland,Oregon,97229
Briant,Bolland,bbollandnb@dion.ne.jp,171 Browning Court,El Paso,Texas,79945
Ortensia,Proschek,oproscheknc@utexas.edu,4541 Oneill Lane,Madison,Wisconsin,53716
Packston,Knowlson,pknowlsonnd@ibm.com,720 Little Fleur Center,Amarillo,Texas,79171
Chadd,Keddey,ckeddeyne@free.fr,86 Evergreen Drive,Wichita,Kansas,67210
Fabiano,Edwardson,fedwardsonnf@youku.com,84 Portage Junction,Albuquerque,New Mexico,87201
Liva,Peaurt,lpeaurtng@senate.gov,8840 Lakewood Gardens Circle,Honolulu,Hawaii,96845
Melodee,Ashworth,mashworthnh@scientificamerican.com,390 Paget Park,Miami,Florida,33147
Ulrick,Salatino,usalatinoni@oaic.gov.au,9 Sutteridge Hill,Arlington,Virginia,22225
Clemens,Thow,cthownj@irs.gov,2 Tomscot Pass,Nashville,Tennessee,37210
Betti,Puffett,bpuffettnk@senate.gov,48 Banding Junction,Nashville,Tennessee,37205
Annice,Emlin,aemlinnl@blog.com,229 North Alley,Washington,District of Columbia,20073
Anselma,Asey,aaseynm@hc360.com,21535 Nancy Place,Washington,District of Columbia,20022
Hedwiga,Aspinal,haspinalnn@blogger.com,12227 Sutherland Trail,Pittsburgh,Pennsylvania,15286
Frankie,Pedrocchi,fpedrocchino@imageshack.us,061 Continental Trail,Memphis,Tennessee,38181
Eduino,Silby,esilbynp@jimdo.com,96 Forest Avenue,Oklahoma City,Oklahoma,73152
Dylan,Metterick,dmettericknq@yelp.com,43 Banding Parkway,Albuquerque,New Mexico,87115
Aldis,Overnell,aovernellnr@harvard.edu,3285 Hayes Park,Jacksonville,Florida,32230
Annette,Matthessen,amatthessenns@youtu.be,503 Moulton Road,Colorado Springs,Colorado,80925
Paige,Dibben,pdibbennt@artisteer.com,94598 Dakota Street,Charlotte,North Carolina,28278
Oliviero,Kohnen,okohnennu@uol.com.br,13351 Red Cloud Lane,Garden Grove,California,92645
Walsh,De la croix,wdelacroixnv@ustream.tv,15175 Summer Ridge Parkway,Houston,Texas,77030
Maridel,Andreix,mandreixnw@nhs.uk,4 Waxwing Hill,Charleston,West Virginia,25313
Doralia,Ordidge,dordidgenx@geocities.com,839 Cascade Center,Los Angeles,California,90040
Gasper,Delgardo,gdelgardony@telegraph.co.uk,8 Bayside Alley,New York City,New York,10105
Calv,Pleace,cpleacenz@cpanel.net,39 Kim Hill,Tulsa,Oklahoma,74108
Kipper,Sansun,ksansuno0@microsoft.com,15548 Coolidge Junction,Palm Bay,Florida,32909
Sibelle,Matthessen,smatthesseno1@spiegel.de,81 Claremont Circle,Spokane,Washington,99252
Cherey,Bruniges,cbrunigeso2@edublogs.org,9 Sundown Terrace,Brooklyn,New York,11215
Larisa,Wason,lwasono3@acquirethisname.com,658 Stang Crossing,Monticello,Minnesota,55590
Justine,Agneau,jagneauo4@yelp.com,11 Main Terrace,Pittsburgh,Pennsylvania,15220
Danni,Burnsell,dburnsello5@instagram.com,994 Hallows Hill,Kalamazoo,Michigan,49048
Robinet,Margrett,rmargretto6@blogger.com,0 Sycamore Street,Sacramento,California,95852
Chrisy,O'Fallowne,cofallowneo7@drupal.org,36 Maple Wood Drive,New York City,New York,10105
Vlad,Pindell,vpindello8@phpbb.com,69209 Anniversary Parkway,Wilkes Barre,Pennsylvania,18763
Jefferson,Becken,jbeckeno9@nydailynews.com,2482 Huxley Park,Arlington,Virginia,22212
Noel,Stygall,nstygalloa@businessinsider.com,7984 Annamark Alley,Chandler,Arizona,85246
Aimil,Marcos,amarcosob@theguardian.com,939 Amoth Point,Seattle,Washington,98148
Garland,McFarlan,gmcfarlanoc@auda.org.au,30214 Parkside Park,Jersey City,New Jersey,07310
Kessia,Points,kpointsod@tuttocitta.it,92012 Helena Park,Pittsburgh,Pennsylvania,15210
Gaspard,Benthall,gbenthalloe@jugem.jp,99 Manley Terrace,Atlanta,Georgia,31190
Gavan,Lerer,glererof@mozilla.org,571 Twin Pines Terrace,Warren,Ohio,44485
Coral,Tremollet,ctremolletog@seesaa.net,30 Loftsgordon Lane,Berkeley,California,94705
Tobiah,Tees,tteesoh@list-manage.com,41466 American Ash Drive,Orlando,Florida,32885
Boyd,Frostdicke,bfrostdickeoi@umich.edu,03562 Tennyson Street,Tulsa,Oklahoma,74108
Jillian,Sauter,jsauteroj@engadget.com,6 Manitowish Lane,Brooklyn,New York,11231
Norrie,Chaffer,nchafferok@wisc.edu,9737 Mallard Point,Chicago,Illinois,60646
Hernando,Schoular,hschoularol@auda.org.au,3525 Daystar Park,Rochester,New York,14619
Rice,Kuna,rkunaom@pagesperso-orange.fr,2971 Sachs Road,Washington,District of Columbia,20525
Paulette,Rossi,prossion@admin.ch,698 Fremont Circle,Bismarck,North Dakota,58505
Taffy,Vanyutin,tvanyutinoo@technorati.com,34 Schmedeman Place,Fullerton,California,92640
Gage,Churly,gchurlyop@usnews.com,16 West Point,Fullerton,California,92835
Nathan,Innott,ninnottoq@nba.com,9421 Lindbergh Avenue,Sacramento,California,95852
Elaine,Begent,ebegentor@mysql.com,5 Mariners Cove Terrace,Waterbury,Connecticut,06705
Genovera,Scrange,gscrangeos@cdbaby.com,453 Oxford Hill,El Paso,Texas,79940
Gerty,Chedgey,gchedgeyot@reuters.com,039 Butternut Plaza,Nashville,Tennessee,37240
Tricia,Matveyev,tmatveyevou@google.com.br,761 Spaight Trail,Detroit,Michigan,48211
Drona,Rodinger,drodingerov@nsw.gov.au,9 Hooker Park,Atlanta,Georgia,31196
Vlad,Caulton,vcaultonow@freewebs.com,75046 Katie Terrace,Fresno,California,93726
Isidora,Osmund,iosmundox@e-recht24.de,00204 Sachs Road,Saint Louis,Missouri,63136
Noni,Gypson,ngypsonoy@tuttocitta.it,556 Atwood Plaza,Greenville,South Carolina,29615
Hesther,Vardey,hvardeyoz@wired.com,2928 Pennsylvania Place,Buffalo,New York,14233
Angeline,Livingstone,alivingstonep0@woothemes.com,908 Ohio Place,Conroe,Texas,77305
Val,McGoogan,vmcgooganp1@e-recht24.de,0 Clarendon Place,Wichita,Kansas,67220
Dylan,McCaughren,dmccaughrenp2@umn.edu,450 Mayer Circle,Scranton,Pennsylvania,18514
Grethel,Gatesman,ggatesmanp3@google.fr,91 Heffernan Crossing,Washington,District of Columbia,20420
Erv,Marflitt,emarflittp4@theatlantic.com,06 Mosinee Way,Peoria,Illinois,61635
Harmon,Faccini,hfaccinip5@nydailynews.com,33 Tennyson Pass,Irving,Texas,75062
Timmi,Le Merchant,tlemerchantp6@ovh.net,42723 Meadow Valley Hill,Corona,California,92883
Jecho,Jerdein,jjerdeinp7@cisco.com,04557 Farmco Park,Denver,Colorado,80249
Harbert,Loude,hloudep8@studiopress.com,31274 Fairfield Circle,West Palm Beach,Florida,33421
Roslyn,Mandry,rmandryp9@liveinternet.ru,0044 Coolidge Parkway,Baton Rouge,Louisiana,70820
Gladys,Barhem,gbarhempa@tinypic.com,89 Oxford Way,Honolulu,Hawaii,96810
Harriett,Wadelin,hwadelinpb@google.co.uk,954 Colorado Alley,Watertown,Massachusetts,02472
Tito,Stairmond,tstairmondpc@github.io,0047 Summer Ridge Hill,Fayetteville,North Carolina,28305
Durand,Heinreich,dheinreichpd@fema.gov,54 Waywood Alley,San Bernardino,California,92410
Geri,Viant,gviantpe@telegraph.co.uk,7077 Fisk Point,Wichita,Kansas,67205
Maurine,Wagstaffe,mwagstaffepf@wikimedia.org,80825 Shasta Road,Los Angeles,California,90040
Denys,Kivelhan,dkivelhanpg@foxnews.com,88 David Point,Greenville,South Carolina,29615
Meaghan,Purrington,mpurringtonph@imdb.com,54007 Messerschmidt Plaza,Miami,Florida,33185
Cristen,Zannolli,czannollipi@instagram.com,03 Lerdahl Point,San Antonio,Texas,78220
Hy,Snazel,hsnazelpj@time.com,0 Ruskin Place,Oklahoma City,Oklahoma,73157
Ambrose,Marston,amarstonpk@hhs.gov,0658 South Court,El Paso,Texas,88541
Sibylla,Worsam,sworsampl@godaddy.com,1 Westerfield Street,Pueblo,Colorado,81015
Audra,Tarpey,atarpeypm@gov.uk,85032 Armistice Drive,Chicago,Illinois,60630
Prinz,Goldbourn,pgoldbournpn@devhub.com,3078 Leroy Plaza,Duluth,Georgia,30096
Tamra,Pepis,tpepispo@nymag.com,0870 Dayton Plaza,Valdosta,Georgia,31605
Ingrim,Handasyde,ihandasydepp@google.co.jp,44425 Nelson Avenue,Fort Lauderdale,Florida,33310
Tony,Larcier,tlarcierpq@umn.edu,4 Straubel Crossing,Mobile,Alabama,36622
Windham,Kehoe,wkehoepr@seattletimes.com,82 Eliot Pass,Wilmington,Delaware,19810
Gage,Scoullar,gscoullarps@cnet.com,784 Huxley Lane,Phoenix,Arizona,85015
Cleon,Chelley,cchelleypt@networksolutions.com,94 Garrison Crossing,Huntington Beach,California,92648
Hersch,Tape,htapepu@ask.com,2 Namekagon Road,Albany,New York,12227
Arvie,Congrave,acongravepv@tamu.edu,05 Village Plaza,White Plains,New York,10606
Marney,Mendoza,mmendozapw@about.com,0 New Castle Pass,Portland,Oregon,97296
Galven,Enbury,genburypx@springer.com,612 Roxbury Plaza,Ventura,California,93005
Chiarra,Spadotto,cspadottopy@tinyurl.com,575 Esker Place,Sacramento,California,94297
Grazia,Greenhalgh,ggreenhalghpz@seattletimes.com,8942 Paget Court,Naples,Florida,34102
Opaline,Shoobridge,oshoobridgeq0@google.it,63 Monica Road,Kalamazoo,Michigan,49006
Zedekiah,Legister,zlegisterq1@dailymotion.com,26 Leroy Place,Oakland,California,94611
Frasco,Olyet,folyetq2@uiuc.edu,52815 Loftsgordon Road,Miami,Florida,33196
Lauritz,Keavy,lkeavyq3@state.tx.us,300 Lunder Road,Battle Creek,Michigan,49018
Florentia,Garfoot,fgarfootq4@list-manage.com,1516 Stuart Road,Zephyrhills,Florida,33543
Brady,Holtaway,bholtawayq5@surveymonkey.com,1296 Lunder Road,Maple Plain,Minnesota,55579
Isidora,Tocher,itocherq6@nyu.edu,6098 Ruskin Park,Fort Wayne,Indiana,46805
Trish,Braime,tbraimeq7@pbs.org,512 Hintze Place,Washington,District of Columbia,20425
Randene,Catto,rcattoq8@php.net,55 Bultman Point,Saint Louis,Missouri,63126
Reagan,Flores,rfloresq9@ca.gov,8 Eagan Place,Phoenix,Arizona,85053
Neale,Lapidus,nlapidusqa@themeforest.net,5996 Clarendon Lane,Port Saint Lucie,Florida,34985
Alex,Van den Velden,avandenveldenqb@1688.com,57 Moose Point,Scottsdale,Arizona,85255
Valina,Shaudfurth,vshaudfurthqc@oakley.com,3 John Wall Circle,Chicago,Illinois,60609
Royall,Reimer,rreimerqd@simplemachines.org,41 Caliangt Avenue,San Jose,California,95194
Nicolea,Tomasz,ntomaszqe@unesco.org,526 Evergreen Pass,Silver Spring,Maryland,20910
Leoine,Sichardt,lsichardtqf@devhub.com,04 Sutteridge Street,Atlanta,Georgia,30351
Heidi,Schwandermann,hschwandermannqg@examiner.com,7 Dapin Junction,Denver,Colorado,80243
Juanita,Geerits,jgeeritsqh@slideshare.net,6 Ilene Plaza,Dayton,Ohio,45414
Krispin,Eldered,kelderedqi@goo.gl,4 Ridgeway Point,Stamford,Connecticut,06922
Annadiana,Jirus,ajirusqj@blinklist.com,98137 Quincy Road,Valdosta,Georgia,31605
Welby,Hampe,whampeqk@seesaa.net,7555 Autumn Leaf Court,Wichita,Kansas,67236
Fielding,Treadway,ftreadwayql@ftc.gov,3348 Crescent Oaks Circle,Phoenix,Arizona,85040
Lorna,Yurasov,lyurasovqm@4shared.com,3085 Maple Avenue,Carlsbad,California,92013
Jamaal,Longland,jlonglandqn@paginegialle.it,76 Hansons Pass,Omaha,Nebraska,68124
Amalea,Gages,agagesqo@drupal.org,49 Everett Drive,Charlotte,North Carolina,28272
Myrna,Duckhouse,mduckhouseqp@theglobeandmail.com,00682 Vera Junction,Palatine,Illinois,60078
Brynn,Espinet,bespinetqq@dyndns.org,5 Golf Course Drive,Gastonia,North Carolina,28055
Loella,Baseggio,lbaseggioqr@1688.com,791 Oakridge Avenue,Oklahoma City,Oklahoma,73179
Perice,Kenelin,pkenelinqs@craigslist.org,16 International Crossing,Albany,New York,12227
Muhammad,Razoux,mrazouxqt@goodreads.com,39 Miller Crossing,Arlington,Texas,76004
Katrinka,Sinton,ksintonqu@google.com.au,84863 Corscot Court,Littleton,Colorado,80126
Dwight,Kimmitt,dkimmittqv@cdc.gov,3 La Follette Parkway,Boston,Massachusetts,02114
Garnet,Pentycost,gpentycostqw@gravatar.com,8 Lunder Pass,Pasadena,Texas,77505
Viviene,Kowalski,vkowalskiqx@uiuc.edu,330 Granby Way,Evansville,Indiana,47719
Calley,Liccardi,cliccardiqy@wikia.com,900 Dawn Point,Lafayette,Louisiana,70505
Doloritas,Bosenworth,dbosenworthqz@un.org,0739 Daystar Hill,Laredo,Texas,78044
Kattie,Smorfit,ksmorfitr0@utexas.edu,7417 Michigan Crossing,Wilmington,Delaware,19886
Wrennie,Ibbs,wibbsr1@cam.ac.uk,65332 Arrowood Parkway,Pittsburgh,Pennsylvania,15220
Leonid,Brimmell,lbrimmellr2@free.fr,95198 Ramsey Crossing,Decatur,Georgia,30033
Ive,Guntrip,iguntripr3@rambler.ru,24 Walton Drive,Tampa,Florida,33633
Teressa,Gonnet,tgonnetr4@uiuc.edu,40955 Coolidge Court,Nashville,Tennessee,37215
Karen,Floyed,kfloyedr5@bluehost.com,7692 Carey Drive,Long Beach,California,90831
Tabatha,Elijahu,telijahur6@issuu.com,1751 Southridge Crossing,Las Vegas,Nevada,89105
Damon,Le Barre,dlebarrer7@github.com,328 Artisan Way,Austin,Texas,78769
Bryan,Risby,brisbyr8@flickr.com,24422 Hallows Court,San Antonio,Texas,78225
Mose,Jerram,mjerramr9@posterous.com,50 Sycamore Hill,Boston,Massachusetts,02163
Kaela,Finby,kfinbyra@buzzfeed.com,046 Golf View Plaza,Sacramento,California,94280
Keslie,Rogister,krogisterrb@blogspot.com,8 Jenifer Point,Chesapeake,Virginia,23324
Emlen,Gerrelts,egerreltsrc@multiply.com,3 Helena Lane,Sioux Falls,South Dakota,57105
Elsbeth,Aliberti,ealibertird@constantcontact.com,645 Mallory Place,Wichita,Kansas,67230
Huntley,Bison,hbisonre@goo.gl,8719 Northview Pass,Norfolk,Virginia,23509
Melinde,Bedrosian,mbedrosianrf@comcast.net,5 Tennyson Way,San Francisco,California,94110
Minna,Ilewicz,milewiczrg@guardian.co.uk,8 Forest Dale Place,Birmingham,Alabama,35290
Lucie,Verling,lverlingrh@google.nl,20106 School Road,Fort Lauderdale,Florida,33315
Paten,Germaine,pgermaineri@tiny.cc,13 Eagan Park,Salem,Oregon,97306
Svend,Hembling,shemblingrj@mayoclinic.com,382 Starling Pass,El Paso,Texas,88584
Thomas,Glandon,tglandonrk@github.io,31965 Moose Hill,Washington,District of Columbia,20420
Ruddy,Evitts,revittsrl@icio.us,42 Cambridge Circle,Toledo,Ohio,43699
Briana,Walasik,bwalasikrm@acquirethisname.com,858 North Junction,Tampa,Florida,33694
Sunny,Bellingham,sbellinghamrn@narod.ru,1 Moland Junction,Boulder,Colorado,80305
Rosalia,Kasperski,rkasperskiro@xrea.com,0786 Fieldstone Hill,Arlington,Virginia,22205
Levin,Hannam,lhannamrp@barnesandnoble.com,450 Stone Corner Road,New York City,New York,10060
Reena,Gilder,rgilderrq@163.com,4 Manley Court,Mc Keesport,Pennsylvania,15134
Jodi,Dalgety,jdalgetyrr@lycos.com,161 Gale Place,Tallahassee,Florida,32314
